2021-11-17 21:57:47 startup packages configure
2021-11-17 21:57:47 configure gcc-8-base:arm64 8.3.0-6 <none>
2021-11-17 21:57:47 status unpacked gcc-8-base:arm64 8.3.0-6
2021-11-17 21:57:47 status half-configured gcc-8-base:arm64 8.3.0-6
2021-11-17 21:57:47 status installed gcc-8-base:arm64 8.3.0-6
2021-11-17 21:57:47 configure libgcc1:arm64 1:8.3.0-6 <none>
2021-11-17 21:57:47 status unpacked libgcc1:arm64 1:8.3.0-6
2021-11-17 21:57:47 status half-configured libgcc1:arm64 1:8.3.0-6
2021-11-17 21:57:47 status installed libgcc1:arm64 1:8.3.0-6
2021-11-17 21:57:47 configure libc6:arm64 2.28-10 <none>
2021-11-17 21:57:47 status unpacked libc6:arm64 2.28-10
2021-11-17 21:57:47 status half-configured libc6:arm64 2.28-10
2021-11-17 21:57:50 status installed libc6:arm64 2.28-10
2021-11-17 21:57:50 configure libdebconfclient0:arm64 0.249 <none>
2021-11-17 21:57:50 status unpacked libdebconfclient0:arm64 0.249
2021-11-17 21:57:50 status half-configured libdebconfclient0:arm64 0.249
2021-11-17 21:57:50 status installed libdebconfclient0:arm64 0.249
2021-11-17 21:57:50 configure base-passwd:arm64 3.5.46 <none>
2021-11-17 21:57:50 status unpacked base-passwd:arm64 3.5.46
2021-11-17 21:57:50 status half-configured base-passwd:arm64 3.5.46
2021-11-17 21:57:52 status installed base-passwd:arm64 3.5.46
2021-11-17 21:57:52 startup packages configure
2021-11-17 21:57:52 configure mawk:arm64 1.3.3-17+b3 <none>
2021-11-17 21:57:52 status unpacked mawk:arm64 1.3.3-17+b3
2021-11-17 21:57:52 status half-configured mawk:arm64 1.3.3-17+b3
2021-11-17 21:57:53 status installed mawk:arm64 1.3.3-17+b3
2021-11-17 21:57:53 configure base-files:arm64 10.3+mendel5.3 <none>
2021-11-17 21:57:53 status unpacked base-files:arm64 10.3+mendel5.3
2021-11-17 21:57:53 status half-configured base-files:arm64 10.3+mendel5.3
2021-11-17 21:57:55 status installed base-files:arm64 10.3+mendel5.3
2021-11-17 21:57:55 startup packages configure
2021-11-17 21:57:55 configure libexpat1:arm64 2.2.6-2+deb10u1 <none>
2021-11-17 21:57:55 status unpacked libexpat1:arm64 2.2.6-2+deb10u1
2021-11-17 21:57:55 status half-configured libexpat1:arm64 2.2.6-2+deb10u1
2021-11-17 21:57:55 status installed libexpat1:arm64 2.2.6-2+deb10u1
2021-11-17 21:57:55 configure cpio:arm64 2.12+dfsg-9 <none>
2021-11-17 21:57:55 status unpacked cpio:arm64 2.12+dfsg-9
2021-11-17 21:57:55 status half-configured cpio:arm64 2.12+dfsg-9
2021-11-17 21:57:55 status installed cpio:arm64 2.12+dfsg-9
2021-11-17 21:57:55 configure libpipeline1:arm64 1.5.1-2 <none>
2021-11-17 21:57:55 status unpacked libpipeline1:arm64 1.5.1-2
2021-11-17 21:57:55 status half-configured libpipeline1:arm64 1.5.1-2
2021-11-17 21:57:55 status installed libpipeline1:arm64 1.5.1-2
2021-11-17 21:57:55 configure liblmdb0:arm64 0.9.22-1 <none>
2021-11-17 21:57:55 status unpacked liblmdb0:arm64 0.9.22-1
2021-11-17 21:57:55 status half-configured liblmdb0:arm64 0.9.22-1
2021-11-17 21:57:55 status installed liblmdb0:arm64 0.9.22-1
2021-11-17 21:57:55 configure libgraphite2-3:arm64 1.3.13-7 <none>
2021-11-17 21:57:55 status unpacked libgraphite2-3:arm64 1.3.13-7
2021-11-17 21:57:55 status half-configured libgraphite2-3:arm64 1.3.13-7
2021-11-17 21:57:55 status installed libgraphite2-3:arm64 1.3.13-7
2021-11-17 21:57:55 configure liblcms2-2:arm64 2.9-3 <none>
2021-11-17 21:57:55 status unpacked liblcms2-2:arm64 2.9-3
2021-11-17 21:57:55 status half-configured liblcms2-2:arm64 2.9-3
2021-11-17 21:57:55 status installed liblcms2-2:arm64 2.9-3
2021-11-17 21:57:55 configure libpixman-1-0:arm64 0.36.0-1 <none>
2021-11-17 21:57:55 status unpacked libpixman-1-0:arm64 0.36.0-1
2021-11-17 21:57:55 status half-configured libpixman-1-0:arm64 0.36.0-1
2021-11-17 21:57:55 status installed libpixman-1-0:arm64 0.36.0-1
2021-11-17 21:57:55 configure libcdparanoia0:arm64 3.10.2+debian-13 <none>
2021-11-17 21:57:55 status unpacked libcdparanoia0:arm64 3.10.2+debian-13
2021-11-17 21:57:55 status half-configured libcdparanoia0:arm64 3.10.2+debian-13
2021-11-17 21:57:55 status installed libcdparanoia0:arm64 3.10.2+debian-13
2021-11-17 21:57:55 configure lsb-base:all 10.2019051400 <none>
2021-11-17 21:57:55 status unpacked lsb-base:all 10.2019051400
2021-11-17 21:57:55 status half-configured lsb-base:all 10.2019051400
2021-11-17 21:57:55 status installed lsb-base:all 10.2019051400
2021-11-17 21:57:55 configure libzstd1:arm64 1.3.8+dfsg-3+deb10u2 <none>
2021-11-17 21:57:55 status unpacked libzstd1:arm64 1.3.8+dfsg-3+deb10u2
2021-11-17 21:57:55 status half-configured libzstd1:arm64 1.3.8+dfsg-3+deb10u2
2021-11-17 21:57:55 status installed libzstd1:arm64 1.3.8+dfsg-3+deb10u2
2021-11-17 21:57:55 configure libx11-xcb1:arm64 2:1.6.7-1+deb10u1 <none>
2021-11-17 21:57:55 status unpacked libx11-xcb1:arm64 2:1.6.7-1+deb10u1
2021-11-17 21:57:55 status half-configured libx11-xcb1:arm64 2:1.6.7-1+deb10u1
2021-11-17 21:57:55 status installed libx11-xcb1:arm64 2:1.6.7-1+deb10u1
2021-11-17 21:57:55 configure libjson-c3:arm64 0.12.1+ds-2+deb10u1 <none>
2021-11-17 21:57:55 status unpacked libjson-c3:arm64 0.12.1+ds-2+deb10u1
2021-11-17 21:57:55 status half-configured libjson-c3:arm64 0.12.1+ds-2+deb10u1
2021-11-17 21:57:55 status installed libjson-c3:arm64 0.12.1+ds-2+deb10u1
2021-11-17 21:57:55 configure libvo-amrwbenc0:arm64 0.1.3-1+b1 <none>
2021-11-17 21:57:55 status unpacked libvo-amrwbenc0:arm64 0.1.3-1+b1
2021-11-17 21:57:55 status half-configured libvo-amrwbenc0:arm64 0.1.3-1+b1
2021-11-17 21:57:55 status installed libvo-amrwbenc0:arm64 0.1.3-1+b1
2021-11-17 21:57:55 configure libxau6:arm64 1:1.0.8-1+b2 <none>
2021-11-17 21:57:55 status unpacked libxau6:arm64 1:1.0.8-1+b2
2021-11-17 21:57:55 status half-configured libxau6:arm64 1:1.0.8-1+b2
2021-11-17 21:57:55 status installed libxau6:arm64 1:1.0.8-1+b2
2021-11-17 21:57:55 configure libraw1394-11:arm64 2.1.2-1+b1 <none>
2021-11-17 21:57:55 status unpacked libraw1394-11:arm64 2.1.2-1+b1
2021-11-17 21:57:56 status half-configured libraw1394-11:arm64 2.1.2-1+b1
2021-11-17 21:57:56 status installed libraw1394-11:arm64 2.1.2-1+b1
2021-11-17 21:57:56 configure libkeyutils1:arm64 1.6-6 <none>
2021-11-17 21:57:56 status unpacked libkeyutils1:arm64 1.6-6
2021-11-17 21:57:56 status half-configured libkeyutils1:arm64 1.6-6
2021-11-17 21:57:56 status installed libkeyutils1:arm64 1.6-6
2021-11-17 21:57:56 configure libsbc1:arm64 1.4-1 <none>
2021-11-17 21:57:56 status unpacked libsbc1:arm64 1.4-1
2021-11-17 21:57:56 status half-configured libsbc1:arm64 1.4-1
2021-11-17 21:57:56 status installed libsbc1:arm64 1.4-1
2021-11-17 21:57:56 configure libip6tc0:arm64 1.8.2-4 <none>
2021-11-17 21:57:56 status unpacked libip6tc0:arm64 1.8.2-4
2021-11-17 21:57:56 status half-configured libip6tc0:arm64 1.8.2-4
2021-11-17 21:57:56 status installed libip6tc0:arm64 1.8.2-4
2021-11-17 21:57:56 configure libapparmor1:arm64 2.13.2-10 <none>
2021-11-17 21:57:56 status unpacked libapparmor1:arm64 2.13.2-10
2021-11-17 21:57:56 status half-configured libapparmor1:arm64 2.13.2-10
2021-11-17 21:57:56 status installed libapparmor1:arm64 2.13.2-10
2021-11-17 21:57:56 configure libc-l10n:all 2.28-10 <none>
2021-11-17 21:57:56 status unpacked libc-l10n:all 2.28-10
2021-11-17 21:57:56 status half-configured libc-l10n:all 2.28-10
2021-11-17 21:57:56 status installed libc-l10n:all 2.28-10
2021-11-17 21:57:56 configure libkate1:arm64 0.4.1-9 <none>
2021-11-17 21:57:56 status unpacked libkate1:arm64 0.4.1-9
2021-11-17 21:57:56 status half-configured libkate1:arm64 0.4.1-9
2021-11-17 21:57:56 status installed libkate1:arm64 0.4.1-9
2021-11-17 21:57:56 configure libgpm2:arm64 1.20.7-5 <none>
2021-11-17 21:57:56 status unpacked libgpm2:arm64 1.20.7-5
2021-11-17 21:57:56 status half-configured libgpm2:arm64 1.20.7-5
2021-11-17 21:57:56 status installed libgpm2:arm64 1.20.7-5
2021-11-17 21:57:56 configure libmpg123-0:arm64 1.25.10-2 <none>
2021-11-17 21:57:56 status unpacked libmpg123-0:arm64 1.25.10-2
2021-11-17 21:57:56 status half-configured libmpg123-0:arm64 1.25.10-2
2021-11-17 21:57:56 status installed libmpg123-0:arm64 1.25.10-2
2021-11-17 21:57:56 configure libogg0:arm64 1.3.2-1+b1 <none>
2021-11-17 21:57:56 status unpacked libogg0:arm64 1.3.2-1+b1
2021-11-17 21:57:56 status half-configured libogg0:arm64 1.3.2-1+b1
2021-11-17 21:57:56 status installed libogg0:arm64 1.3.2-1+b1
2021-11-17 21:57:56 configure liblockfile-bin:arm64 1.14-1.1 <none>
2021-11-17 21:57:56 status unpacked liblockfile-bin:arm64 1.14-1.1
2021-11-17 21:57:56 status half-configured liblockfile-bin:arm64 1.14-1.1
2021-11-17 21:57:56 status installed liblockfile-bin:arm64 1.14-1.1
2021-11-17 21:57:56 configure mime-support:all 3.62 <none>
2021-11-17 21:57:56 status unpacked mime-support:all 3.62
2021-11-17 21:57:56 status half-configured mime-support:all 3.62
2021-11-17 21:57:56 status installed mime-support:all 3.62
2021-11-17 21:57:56 configure libspeex1:arm64 1.2~rc1.2-1+b2 <none>
2021-11-17 21:57:56 status unpacked libspeex1:arm64 1.2~rc1.2-1+b2
2021-11-17 21:57:56 status half-configured libspeex1:arm64 1.2~rc1.2-1+b2
2021-11-17 21:57:56 status installed libspeex1:arm64 1.2~rc1.2-1+b2
2021-11-17 21:57:56 configure libshine3:arm64 3.1.1-2 <none>
2021-11-17 21:57:56 status unpacked libshine3:arm64 3.1.1-2
2021-11-17 21:57:56 status half-configured libshine3:arm64 3.1.1-2
2021-11-17 21:57:56 status installed libshine3:arm64 3.1.1-2
2021-11-17 21:57:56 configure libip4tc0:arm64 1.8.2-4 <none>
2021-11-17 21:57:56 status unpacked libip4tc0:arm64 1.8.2-4
2021-11-17 21:57:56 status half-configured libip4tc0:arm64 1.8.2-4
2021-11-17 21:57:56 status installed libip4tc0:arm64 1.8.2-4
2021-11-17 21:57:56 configure hicolor-icon-theme:all 0.17-2 <none>
2021-11-17 21:57:56 status unpacked hicolor-icon-theme:all 0.17-2
2021-11-17 21:57:56 status half-configured hicolor-icon-theme:all 0.17-2
2021-11-17 21:57:57 status installed hicolor-icon-theme:all 0.17-2
2021-11-17 21:57:57 configure libtwolame0:arm64 0.3.13-4 <none>
2021-11-17 21:57:57 status unpacked libtwolame0:arm64 0.3.13-4
2021-11-17 21:57:57 status half-configured libtwolame0:arm64 0.3.13-4
2021-11-17 21:57:57 status installed libtwolame0:arm64 0.3.13-4
2021-11-17 21:57:57 configure liblzma5:arm64 5.2.4-1 <none>
2021-11-17 21:57:57 status unpacked liblzma5:arm64 5.2.4-1
2021-11-17 21:57:57 status half-configured liblzma5:arm64 5.2.4-1
2021-11-17 21:57:57 status installed liblzma5:arm64 5.2.4-1
2021-11-17 21:57:57 configure libgpg-error0:arm64 1.35-1 <none>
2021-11-17 21:57:57 status unpacked libgpg-error0:arm64 1.35-1
2021-11-17 21:57:57 status half-configured libgpg-error0:arm64 1.35-1
2021-11-17 21:57:57 status installed libgpg-error0:arm64 1.35-1
2021-11-17 21:57:57 configure netcat-traditional:arm64 1.10-41.1 <none>
2021-11-17 21:57:57 status unpacked netcat-traditional:arm64 1.10-41.1
2021-11-17 21:57:57 status half-configured netcat-traditional:arm64 1.10-41.1
2021-11-17 21:57:57 status installed netcat-traditional:arm64 1.10-41.1
2021-11-17 21:57:57 configure libdatrie1:arm64 0.2.12-2 <none>
2021-11-17 21:57:57 status unpacked libdatrie1:arm64 0.2.12-2
2021-11-17 21:57:57 status half-configured libdatrie1:arm64 0.2.12-2
2021-11-17 21:57:57 status installed libdatrie1:arm64 0.2.12-2
2021-11-17 21:57:57 configure xdg-user-dirs:arm64 0.17-2 <none>
2021-11-17 21:57:57 status unpacked xdg-user-dirs:arm64 0.17-2
2021-11-17 21:57:57 status half-configured xdg-user-dirs:arm64 0.17-2
2021-11-17 21:57:57 status installed xdg-user-dirs:arm64 0.17-2
2021-11-17 21:57:57 configure traceroute:arm64 1:2.1.0-2 <none>
2021-11-17 21:57:57 status unpacked traceroute:arm64 1:2.1.0-2
2021-11-17 21:57:57 status half-configured traceroute:arm64 1:2.1.0-2
2021-11-17 21:57:57 status installed traceroute:arm64 1:2.1.0-2
2021-11-17 21:57:57 configure libmagic-mgc:arm64 1:5.35-4+deb10u2 <none>
2021-11-17 21:57:57 status unpacked libmagic-mgc:arm64 1:5.35-4+deb10u2
2021-11-17 21:57:57 status half-configured libmagic-mgc:arm64 1:5.35-4+deb10u2
2021-11-17 21:57:57 status installed libmagic-mgc:arm64 1:5.35-4+deb10u2
2021-11-17 21:57:57 configure libgsm1:arm64 1.0.18-2 <none>
2021-11-17 21:57:57 status unpacked libgsm1:arm64 1.0.18-2
2021-11-17 21:57:57 status half-configured libgsm1:arm64 1.0.18-2
2021-11-17 21:57:57 status installed libgsm1:arm64 1.0.18-2
2021-11-17 21:57:57 configure libx264-155:arm64 2:0.155.2917+git0a84d98-2 <none>
2021-11-17 21:57:57 status unpacked libx264-155:arm64 2:0.155.2917+git0a84d98-2
2021-11-17 21:57:58 status half-configured libx264-155:arm64 2:0.155.2917+git0a84d98-2
2021-11-17 21:57:58 status installed libx264-155:arm64 2:0.155.2917+git0a84d98-2
2021-11-17 21:57:58 configure libvisual-0.4-0:arm64 0.4.0-15 <none>
2021-11-17 21:57:58 status unpacked libvisual-0.4-0:arm64 0.4.0-15
2021-11-17 21:57:58 status half-configured libvisual-0.4-0:arm64 0.4.0-15
2021-11-17 21:57:58 status installed libvisual-0.4-0:arm64 0.4.0-15
2021-11-17 21:57:58 configure mendel-keyring:all 3-3 <none>
2021-11-17 21:57:58 status unpacked mendel-keyring:all 3-3
2021-11-17 21:57:58 status half-configured mendel-keyring:all 3-3
2021-11-17 21:57:58 status installed mendel-keyring:all 3-3
2021-11-17 21:57:58 configure distro-info-data:all 0.41+deb10u3 <none>
2021-11-17 21:57:58 status unpacked distro-info-data:all 0.41+deb10u3
2021-11-17 21:57:58 status half-configured distro-info-data:all 0.41+deb10u3
2021-11-17 21:57:58 status installed distro-info-data:all 0.41+deb10u3
2021-11-17 21:57:58 configure manpages:all 4.16-2 <none>
2021-11-17 21:57:58 status unpacked manpages:all 4.16-2
2021-11-17 21:57:58 status half-configured manpages:all 4.16-2
2021-11-17 21:57:58 status installed manpages:all 4.16-2
2021-11-17 21:57:58 configure liblz4-1:arm64 1.8.3-1 <none>
2021-11-17 21:57:58 status unpacked liblz4-1:arm64 1.8.3-1
2021-11-17 21:57:58 status half-configured liblz4-1:arm64 1.8.3-1
2021-11-17 21:57:58 status installed liblz4-1:arm64 1.8.3-1
2021-11-17 21:57:58 configure libglvnd0:arm64 1.1.0-1 <none>
2021-11-17 21:57:58 status unpacked libglvnd0:arm64 1.1.0-1
2021-11-17 21:57:58 status half-configured libglvnd0:arm64 1.1.0-1
2021-11-17 21:57:58 status installed libglvnd0:arm64 1.1.0-1
2021-11-17 21:57:58 configure libestr0:arm64 0.1.10-2.1 <none>
2021-11-17 21:57:58 status unpacked libestr0:arm64 0.1.10-2.1
2021-11-17 21:57:58 status half-configured libestr0:arm64 0.1.10-2.1
2021-11-17 21:57:58 status installed libestr0:arm64 0.1.10-2.1
2021-11-17 21:57:58 configure libi2c0:arm64 4.1-1 <none>
2021-11-17 21:57:58 status unpacked libi2c0:arm64 4.1-1
2021-11-17 21:57:58 status half-configured libi2c0:arm64 4.1-1
2021-11-17 21:57:58 status installed libi2c0:arm64 4.1-1
2021-11-17 21:57:58 configure libfastjson4:arm64 0.99.8-2 <none>
2021-11-17 21:57:58 status unpacked libfastjson4:arm64 0.99.8-2
2021-11-17 21:57:58 status half-configured libfastjson4:arm64 0.99.8-2
2021-11-17 21:57:58 status installed libfastjson4:arm64 0.99.8-2
2021-11-17 21:57:58 configure libtdb1:arm64 1.3.16-2+b1 <none>
2021-11-17 21:57:58 status unpacked libtdb1:arm64 1.3.16-2+b1
2021-11-17 21:57:58 status half-configured libtdb1:arm64 1.3.16-2+b1
2021-11-17 21:57:58 status installed libtdb1:arm64 1.3.16-2+b1
2021-11-17 21:57:58 configure libargon2-1:arm64 0~20171227-0.2 <none>
2021-11-17 21:57:58 status unpacked libargon2-1:arm64 0~20171227-0.2
2021-11-17 21:57:58 status half-configured libargon2-1:arm64 0~20171227-0.2
2021-11-17 21:57:58 status installed libargon2-1:arm64 0~20171227-0.2
2021-11-17 21:57:58 configure uboot-imx:arm64 5-3 <none>
2021-11-17 21:57:58 status unpacked uboot-imx:arm64 5-3
2021-11-17 21:57:58 status half-configured uboot-imx:arm64 5-3
2021-11-17 21:58:00 status installed uboot-imx:arm64 5-3
2021-11-17 21:58:00 configure libaom0:arm64 1.0.0-3 <none>
2021-11-17 21:58:00 status unpacked libaom0:arm64 1.0.0-3
2021-11-17 21:58:00 status half-configured libaom0:arm64 1.0.0-3
2021-11-17 21:58:01 status installed libaom0:arm64 1.0.0-3
2021-11-17 21:58:01 configure libfstrm0:arm64 0.4.0-1 <none>
2021-11-17 21:58:01 status unpacked libfstrm0:arm64 0.4.0-1
2021-11-17 21:58:01 status half-configured libfstrm0:arm64 0.4.0-1
2021-11-17 21:58:01 status installed libfstrm0:arm64 0.4.0-1
2021-11-17 21:58:01 configure libc-bin:arm64 2.28-10 <none>
2021-11-17 21:58:01 status unpacked libc-bin:arm64 2.28-10
2021-11-17 21:58:01 status half-configured libc-bin:arm64 2.28-10
2021-11-17 21:58:01 status installed libc-bin:arm64 2.28-10
2021-11-17 21:58:01 configure libsqlite3-0:arm64 3.27.2-3+deb10u1 <none>
2021-11-17 21:58:01 status triggers-pending libc-bin:arm64 2.28-10
2021-11-17 21:58:01 status unpacked libsqlite3-0:arm64 3.27.2-3+deb10u1
2021-11-17 21:58:01 status half-configured libsqlite3-0:arm64 3.27.2-3+deb10u1
2021-11-17 21:58:01 status installed libsqlite3-0:arm64 3.27.2-3+deb10u1
2021-11-17 21:58:01 configure libgdk-pixbuf2.0-common:all 2.38.1+dfsg-1 <none>
2021-11-17 21:58:01 status unpacked libgdk-pixbuf2.0-common:all 2.38.1+dfsg-1
2021-11-17 21:58:01 status half-configured libgdk-pixbuf2.0-common:all 2.38.1+dfsg-1
2021-11-17 21:58:01 status installed libgdk-pixbuf2.0-common:all 2.38.1+dfsg-1
2021-11-17 21:58:01 configure libcodec2-0.8.1:arm64 0.8.1-2 <none>
2021-11-17 21:58:01 status unpacked libcodec2-0.8.1:arm64 0.8.1-2
2021-11-17 21:58:01 status half-configured libcodec2-0.8.1:arm64 0.8.1-2
2021-11-17 21:58:01 status installed libcodec2-0.8.1:arm64 0.8.1-2
2021-11-17 21:58:01 configure libdvdread4:arm64 6.0.1-1 <none>
2021-11-17 21:58:01 status unpacked libdvdread4:arm64 6.0.1-1
2021-11-17 21:58:01 status half-configured libdvdread4:arm64 6.0.1-1
2021-11-17 21:58:01 status installed libdvdread4:arm64 6.0.1-1
2021-11-17 21:58:01 configure firmware-atheros:all 20190114-2 <none>
2021-11-17 21:58:01 status unpacked firmware-atheros:all 20190114-2
2021-11-17 21:58:01 status half-configured firmware-atheros:all 20190114-2
2021-11-17 21:58:01 status installed firmware-atheros:all 20190114-2
2021-11-17 21:58:01 configure binutils-common:arm64 2.31.1-16 <none>
2021-11-17 21:58:01 status unpacked binutils-common:arm64 2.31.1-16
2021-11-17 21:58:01 status half-configured binutils-common:arm64 2.31.1-16
2021-11-17 21:58:01 status installed binutils-common:arm64 2.31.1-16
2021-11-17 21:58:01 configure debian-archive-keyring:all 2019.1+deb10u1 <none>
2021-11-17 21:58:01 status unpacked debian-archive-keyring:all 2019.1+deb10u1
2021-11-17 21:58:01 status half-configured debian-archive-keyring:all 2019.1+deb10u1
2021-11-17 21:58:02 status installed debian-archive-keyring:all 2019.1+deb10u1
2021-11-17 21:58:02 configure x11-common:all 1:7.7+19 <none>
2021-11-17 21:58:02 status unpacked x11-common:all 1:7.7+19
2021-11-17 21:58:02 status half-configured x11-common:all 1:7.7+19
2021-11-17 21:58:04 status installed x11-common:all 1:7.7+19
2021-11-17 21:58:04 configure libsensors-config:all 1:3.5.0-3 <none>
2021-11-17 21:58:04 status unpacked libsensors-config:all 1:3.5.0-3
2021-11-17 21:58:04 status half-configured libsensors-config:all 1:3.5.0-3
2021-11-17 21:58:04 status installed libsensors-config:all 1:3.5.0-3
2021-11-17 21:58:04 configure libnghttp2-14:arm64 1.36.0-2+deb10u1 <none>
2021-11-17 21:58:04 status unpacked libnghttp2-14:arm64 1.36.0-2+deb10u1
2021-11-17 21:58:04 status half-configured libnghttp2-14:arm64 1.36.0-2+deb10u1
2021-11-17 21:58:04 status installed libnghttp2-14:arm64 1.36.0-2+deb10u1
2021-11-17 21:58:04 configure libunistring2:arm64 0.9.10-1 <none>
2021-11-17 21:58:04 status unpacked libunistring2:arm64 0.9.10-1
2021-11-17 21:58:04 status half-configured libunistring2:arm64 0.9.10-1
2021-11-17 21:58:04 status installed libunistring2:arm64 0.9.10-1
2021-11-17 21:58:04 configure libsmartcols1:arm64 2.33.1-0.1 <none>
2021-11-17 21:58:04 status unpacked libsmartcols1:arm64 2.33.1-0.1
2021-11-17 21:58:04 status half-configured libsmartcols1:arm64 2.33.1-0.1
2021-11-17 21:58:04 status installed libsmartcols1:arm64 2.33.1-0.1
2021-11-17 21:58:04 configure linux-libc-dev:arm64 4.19.181-1 <none>
2021-11-17 21:58:04 status unpacked linux-libc-dev:arm64 4.19.181-1
2021-11-17 21:58:04 status half-configured linux-libc-dev:arm64 4.19.181-1
2021-11-17 21:58:04 status installed linux-libc-dev:arm64 4.19.181-1
2021-11-17 21:58:04 configure imx-vpu-hantro:arm64 1.11.0-4 <none>
2021-11-17 21:58:04 status unpacked imx-vpu-hantro:arm64 1.11.0-4
2021-11-17 21:58:04 status half-configured imx-vpu-hantro:arm64 1.11.0-4
2021-11-17 21:58:04 status installed imx-vpu-hantro:arm64 1.11.0-4
2021-11-17 21:58:04 configure gettext-base:arm64 0.19.8.1-9 <none>
2021-11-17 21:58:04 status unpacked gettext-base:arm64 0.19.8.1-9
2021-11-17 21:58:04 status half-configured gettext-base:arm64 0.19.8.1-9
2021-11-17 21:58:04 status installed gettext-base:arm64 0.19.8.1-9
2021-11-17 21:58:04 configure libcdio18:arm64 2.0.0-2 <none>
2021-11-17 21:58:04 status unpacked libcdio18:arm64 2.0.0-2
2021-11-17 21:58:04 status half-configured libcdio18:arm64 2.0.0-2
2021-11-17 21:58:04 status installed libcdio18:arm64 2.0.0-2
2021-11-17 21:58:04 configure imx-firmware:all 3-2 <none>
2021-11-17 21:58:04 status unpacked imx-firmware:all 3-2
2021-11-17 21:58:04 status half-configured imx-firmware:all 3-2
2021-11-17 21:58:07 status installed imx-firmware:all 3-2
2021-11-17 21:58:07 configure libgcrypt20:arm64 1.8.4-5 <none>
2021-11-17 21:58:07 status unpacked libgcrypt20:arm64 1.8.4-5
2021-11-17 21:58:07 status half-configured libgcrypt20:arm64 1.8.4-5
2021-11-17 21:58:07 status installed libgcrypt20:arm64 1.8.4-5
2021-11-17 21:58:07 configure xkb-data:all 2.26-2 <none>
2021-11-17 21:58:07 status unpacked xkb-data:all 2.26-2
2021-11-17 21:58:07 status half-configured xkb-data:all 2.26-2
2021-11-17 21:58:07 status installed xkb-data:all 2.26-2
2021-11-17 21:58:07 configure zlib1g:arm64 1:1.2.11.dfsg-1 <none>
2021-11-17 21:58:07 status unpacked zlib1g:arm64 1:1.2.11.dfsg-1
2021-11-17 21:58:07 status half-configured zlib1g:arm64 1:1.2.11.dfsg-1
2021-11-17 21:58:07 status installed zlib1g:arm64 1:1.2.11.dfsg-1
2021-11-17 21:58:07 configure libnpth0:arm64 1.6-1 <none>
2021-11-17 21:58:07 status unpacked libnpth0:arm64 1.6-1
2021-11-17 21:58:07 status half-configured libnpth0:arm64 1.6-1
2021-11-17 21:58:07 status installed libnpth0:arm64 1.6-1
2021-11-17 21:58:07 configure hdparm:arm64 9.58+ds-1 <none>
2021-11-17 21:58:07 status unpacked hdparm:arm64 9.58+ds-1
2021-11-17 21:58:07 status half-configured hdparm:arm64 9.58+ds-1
2021-11-17 21:58:07 status installed hdparm:arm64 9.58+ds-1
2021-11-17 21:58:07 configure libffi6:arm64 3.2.1-9 <none>
2021-11-17 21:58:07 status unpacked libffi6:arm64 3.2.1-9
2021-11-17 21:58:07 status half-configured libffi6:arm64 3.2.1-9
2021-11-17 21:58:07 status installed libffi6:arm64 3.2.1-9
2021-11-17 21:58:07 configure krb5-locales:all 1.17-3+deb10u1 <none>
2021-11-17 21:58:07 status unpacked krb5-locales:all 1.17-3+deb10u1
2021-11-17 21:58:07 status half-configured krb5-locales:all 1.17-3+deb10u1
2021-11-17 21:58:07 status installed krb5-locales:all 1.17-3+deb10u1
2021-11-17 21:58:07 configure libidn2-0:arm64 2.0.5-1+deb10u1 <none>
2021-11-17 21:58:07 status unpacked libidn2-0:arm64 2.0.5-1+deb10u1
2021-11-17 21:58:07 status half-configured libidn2-0:arm64 2.0.5-1+deb10u1
2021-11-17 21:58:07 status installed libidn2-0:arm64 2.0.5-1+deb10u1
2021-11-17 21:58:07 configure libcom-err2:arm64 1.44.5-1+deb10u3 <none>
2021-11-17 21:58:07 status unpacked libcom-err2:arm64 1.44.5-1+deb10u3
2021-11-17 21:58:07 status half-configured libcom-err2:arm64 1.44.5-1+deb10u3
2021-11-17 21:58:07 status installed libcom-err2:arm64 1.44.5-1+deb10u3
2021-11-17 21:58:07 configure libassuan0:arm64 2.5.2-1 <none>
2021-11-17 21:58:07 status unpacked libassuan0:arm64 2.5.2-1
2021-11-17 21:58:07 status half-configured libassuan0:arm64 2.5.2-1
2021-11-17 21:58:07 status installed libassuan0:arm64 2.5.2-1
2021-11-17 21:58:07 configure libmpeg2-4:arm64 0.5.1-8 <none>
2021-11-17 21:58:07 status unpacked libmpeg2-4:arm64 0.5.1-8
2021-11-17 21:58:07 status half-configured libmpeg2-4:arm64 0.5.1-8
2021-11-17 21:58:07 status installed libmpeg2-4:arm64 0.5.1-8
2021-11-17 21:58:07 configure libgomp1:arm64 8.3.0-6 <none>
2021-11-17 21:58:07 status unpacked libgomp1:arm64 8.3.0-6
2021-11-17 21:58:07 status half-configured libgomp1:arm64 8.3.0-6
2021-11-17 21:58:07 status installed libgomp1:arm64 8.3.0-6
2021-11-17 21:58:07 configure diffutils:arm64 1:3.7-3 <none>
2021-11-17 21:58:07 status unpacked diffutils:arm64 1:3.7-3
2021-11-17 21:58:07 status half-configured diffutils:arm64 1:3.7-3
2021-11-17 21:58:07 status installed diffutils:arm64 1:3.7-3
2021-11-17 21:58:07 configure libxvidcore4:arm64 2:1.3.5-1 <none>
2021-11-17 21:58:07 status unpacked libxvidcore4:arm64 2:1.3.5-1
2021-11-17 21:58:07 status half-configured libxvidcore4:arm64 2:1.3.5-1
2021-11-17 21:58:08 status installed libxvidcore4:arm64 2:1.3.5-1
2021-11-17 21:58:08 configure libldap-common:all 2.4.47+dfsg-3+deb10u6 <none>
2021-11-17 21:58:08 status unpacked libldap-common:all 2.4.47+dfsg-3+deb10u6
2021-11-17 21:58:08 status half-configured libldap-common:all 2.4.47+dfsg-3+deb10u6
2021-11-17 21:58:08 status installed libldap-common:all 2.4.47+dfsg-3+deb10u6
2021-11-17 21:58:08 configure libunwind8:arm64 1.2.1-10~deb10u1 <none>
2021-11-17 21:58:08 status unpacked libunwind8:arm64 1.2.1-10~deb10u1
2021-11-17 21:58:08 status half-configured libunwind8:arm64 1.2.1-10~deb10u1
2021-11-17 21:58:08 status installed libunwind8:arm64 1.2.1-10~deb10u1
2021-11-17 21:58:08 configure libaudit-common:all 1:2.8.4-3 <none>
2021-11-17 21:58:08 status unpacked libaudit-common:all 1:2.8.4-3
2021-11-17 21:58:08 status half-configured libaudit-common:all 1:2.8.4-3
2021-11-17 21:58:08 status installed libaudit-common:all 1:2.8.4-3
2021-11-17 21:58:08 configure doc-debian:all 6.4 <none>
2021-11-17 21:58:08 status unpacked doc-debian:all 6.4
2021-11-17 21:58:08 status half-configured doc-debian:all 6.4
2021-11-17 21:58:08 status installed doc-debian:all 6.4
2021-11-17 21:58:08 configure libprotobuf-c1:arm64 1.3.1-1+b1 <none>
2021-11-17 21:58:08 status unpacked libprotobuf-c1:arm64 1.3.1-1+b1
2021-11-17 21:58:08 status half-configured libprotobuf-c1:arm64 1.3.1-1+b1
2021-11-17 21:58:08 status installed libprotobuf-c1:arm64 1.3.1-1+b1
2021-11-17 21:58:08 configure mendel-distro-info-data:all 4-1 <none>
2021-11-17 21:58:08 status unpacked mendel-distro-info-data:all 4-1
2021-11-17 21:58:08 status half-configured mendel-distro-info-data:all 4-1
2021-11-17 21:58:08 status installed mendel-distro-info-data:all 4-1
2021-11-17 21:58:08 configure libmpcdec6:arm64 2:0.1~r495-1+b2 <none>
2021-11-17 21:58:08 status unpacked libmpcdec6:arm64 2:0.1~r495-1+b2
2021-11-17 21:58:08 status half-configured libmpcdec6:arm64 2:0.1~r495-1+b2
2021-11-17 21:58:08 status installed libmpcdec6:arm64 2:0.1~r495-1+b2
2021-11-17 21:58:08 configure libsemanage-common:all 2.8-2 <none>
2021-11-17 21:58:08 status unpacked libsemanage-common:all 2.8-2
2021-11-17 21:58:08 status half-configured libsemanage-common:all 2.8-2
2021-11-17 21:58:08 status installed libsemanage-common:all 2.8-2
2021-11-17 21:58:08 configure libjbig0:arm64 2.1-3.1+b2 <none>
2021-11-17 21:58:08 status unpacked libjbig0:arm64 2.1-3.1+b2
2021-11-17 21:58:08 status half-configured libjbig0:arm64 2.1-3.1+b2
2021-11-17 21:58:08 status installed libjbig0:arm64 2.1-3.1+b2
2021-11-17 21:58:08 configure libc++abi1-7:arm64 1:7.0.1-8+deb10u2 <none>
2021-11-17 21:58:08 status unpacked libc++abi1-7:arm64 1:7.0.1-8+deb10u2
2021-11-17 21:58:08 status half-configured libc++abi1-7:arm64 1:7.0.1-8+deb10u2
2021-11-17 21:58:08 status installed libc++abi1-7:arm64 1:7.0.1-8+deb10u2
2021-11-17 21:58:08 configure libseccomp2:arm64 2.3.3-4 <none>
2021-11-17 21:58:08 status unpacked libseccomp2:arm64 2.3.3-4
2021-11-17 21:58:08 status half-configured libseccomp2:arm64 2.3.3-4
2021-11-17 21:58:08 status installed libseccomp2:arm64 2.3.3-4
2021-11-17 21:58:08 configure libmms0:arm64 0.6.4-3 <none>
2021-11-17 21:58:08 status unpacked libmms0:arm64 0.6.4-3
2021-11-17 21:58:08 status half-configured libmms0:arm64 0.6.4-3
2021-11-17 21:58:08 status installed libmms0:arm64 0.6.4-3
2021-11-17 21:58:08 configure xxd:arm64 2:8.1.0875-5 <none>
2021-11-17 21:58:08 status unpacked xxd:arm64 2:8.1.0875-5
2021-11-17 21:58:08 status half-configured xxd:arm64 2:8.1.0875-5
2021-11-17 21:58:08 status installed xxd:arm64 2:8.1.0875-5
2021-11-17 21:58:08 configure libsystemd0:arm64 241-7~deb10u7 <none>
2021-11-17 21:58:08 status unpacked libsystemd0:arm64 241-7~deb10u7
2021-11-17 21:58:08 status half-configured libsystemd0:arm64 241-7~deb10u7
2021-11-17 21:58:08 status installed libsystemd0:arm64 241-7~deb10u7
2021-11-17 21:58:08 configure libcap2:arm64 1:2.25-2 <none>
2021-11-17 21:58:08 status unpacked libcap2:arm64 1:2.25-2
2021-11-17 21:58:08 status half-configured libcap2:arm64 1:2.25-2
2021-11-17 21:58:08 status installed libcap2:arm64 1:2.25-2
2021-11-17 21:58:08 configure libjansson4:arm64 2.12-1 <none>
2021-11-17 21:58:08 status unpacked libjansson4:arm64 2.12-1
2021-11-17 21:58:08 status half-configured libjansson4:arm64 2.12-1
2021-11-17 21:58:08 status installed libjansson4:arm64 2.12-1
2021-11-17 21:58:08 configure debian-faq:all 9.0 <none>
2021-11-17 21:58:08 status unpacked debian-faq:all 9.0
2021-11-17 21:58:08 status half-configured debian-faq:all 9.0
2021-11-17 21:58:08 status installed debian-faq:all 9.0
2021-11-17 21:58:08 configure libflac8:arm64 1.3.2-3 <none>
2021-11-17 21:58:08 status unpacked libflac8:arm64 1.3.2-3
2021-11-17 21:58:08 status half-configured libflac8:arm64 1.3.2-3
2021-11-17 21:58:08 status installed libflac8:arm64 1.3.2-3
2021-11-17 21:58:08 configure libkrb5support0:arm64 1.17-3+deb10u1 <none>
2021-11-17 21:58:08 status unpacked libkrb5support0:arm64 1.17-3+deb10u1
2021-11-17 21:58:08 status half-configured libkrb5support0:arm64 1.17-3+deb10u1
2021-11-17 21:58:08 status installed libkrb5support0:arm64 1.17-3+deb10u1
2021-11-17 21:58:08 configure libvo-aacenc0:arm64 0.1.3-1+b1 <none>
2021-11-17 21:58:08 status unpacked libvo-aacenc0:arm64 0.1.3-1+b1
2021-11-17 21:58:08 status half-configured libvo-aacenc0:arm64 0.1.3-1+b1
2021-11-17 21:58:08 status installed libvo-aacenc0:arm64 0.1.3-1+b1
2021-11-17 21:58:08 configure libcap2-bin:arm64 1:2.25-2 <none>
2021-11-17 21:58:08 status unpacked libcap2-bin:arm64 1:2.25-2
2021-11-17 21:58:08 status half-configured libcap2-bin:arm64 1:2.25-2
2021-11-17 21:58:08 status installed libcap2-bin:arm64 1:2.25-2
2021-11-17 21:58:08 configure runonce:all 3-1 <none>
2021-11-17 21:58:08 status unpacked runonce:all 3-1
2021-11-17 21:58:08 status half-configured runonce:all 3-1
2021-11-17 21:58:11 status installed runonce:all 3-1
2021-11-17 21:58:11 configure libasound2-data:all 1.1.8-1 <none>
2021-11-17 21:58:11 status unpacked libasound2-data:all 1.1.8-1
2021-11-17 21:58:11 status half-configured libasound2-data:all 1.1.8-1
2021-11-17 21:58:11 status installed libasound2-data:all 1.1.8-1
2021-11-17 21:58:11 configure liba52-0.7.4:arm64 0.7.4-19 <none>
2021-11-17 21:58:11 status unpacked liba52-0.7.4:arm64 0.7.4-19
2021-11-17 21:58:11 status half-configured liba52-0.7.4:arm64 0.7.4-19
2021-11-17 21:58:11 status installed liba52-0.7.4:arm64 0.7.4-19
2021-11-17 21:58:11 configure hostname:arm64 3.21 <none>
2021-11-17 21:58:11 status unpacked hostname:arm64 3.21
2021-11-17 21:58:11 status half-configured hostname:arm64 3.21
2021-11-17 21:58:11 status installed hostname:arm64 3.21
2021-11-17 21:58:11 configure libopencore-amrwb0:arm64 0.1.3-2.1+b2 <none>
2021-11-17 21:58:11 status unpacked libopencore-amrwb0:arm64 0.1.3-2.1+b2
2021-11-17 21:58:11 status half-configured libopencore-amrwb0:arm64 0.1.3-2.1+b2
2021-11-17 21:58:11 status installed libopencore-amrwb0:arm64 0.1.3-2.1+b2
2021-11-17 21:58:11 configure libpcre3:arm64 2:8.39-12 <none>
2021-11-17 21:58:11 status unpacked libpcre3:arm64 2:8.39-12
2021-11-17 21:58:11 status half-configured libpcre3:arm64 2:8.39-12
2021-11-17 21:58:11 status installed libpcre3:arm64 2:8.39-12
2021-11-17 21:58:11 configure libcap-ng0:arm64 0.7.9-2 <none>
2021-11-17 21:58:11 status unpacked libcap-ng0:arm64 0.7.9-2
2021-11-17 21:58:11 status half-configured libcap-ng0:arm64 0.7.9-2
2021-11-17 21:58:11 status installed libcap-ng0:arm64 0.7.9-2
2021-11-17 21:58:11 configure libfontenc1:arm64 1:1.1.3-1+b2 <none>
2021-11-17 21:58:11 status unpacked libfontenc1:arm64 1:1.1.3-1+b2
2021-11-17 21:58:11 status half-configured libfontenc1:arm64 1:1.1.3-1+b2
2021-11-17 21:58:11 status installed libfontenc1:arm64 1:1.1.3-1+b2
2021-11-17 21:58:11 configure ncurses-base:all 6.1+20181013-2+deb10u2 <none>
2021-11-17 21:58:11 status unpacked ncurses-base:all 6.1+20181013-2+deb10u2
2021-11-17 21:58:11 status half-configured ncurses-base:all 6.1+20181013-2+deb10u2
2021-11-17 21:58:11 status installed ncurses-base:all 6.1+20181013-2+deb10u2
2021-11-17 21:58:11 configure libext2fs2:arm64 1.44.5-1+deb10u3 <none>
2021-11-17 21:58:11 status unpacked libext2fs2:arm64 1.44.5-1+deb10u3
2021-11-17 21:58:11 status half-configured libext2fs2:arm64 1.44.5-1+deb10u3
2021-11-17 21:58:11 status installed libext2fs2:arm64 1.44.5-1+deb10u3
2021-11-17 21:58:11 configure libpython2.7-minimal:arm64 2.7.16-2+deb10u1 <none>
2021-11-17 21:58:11 status unpacked libpython2.7-minimal:arm64 2.7.16-2+deb10u1
2021-11-17 21:58:11 status half-configured libpython2.7-minimal:arm64 2.7.16-2+deb10u1
2021-11-17 21:58:11 status installed libpython2.7-minimal:arm64 2.7.16-2+deb10u1
2021-11-17 21:58:11 configure vim-common:all 2:8.1.0875-5 <none>
2021-11-17 21:58:11 status unpacked vim-common:all 2:8.1.0875-5
2021-11-17 21:58:11 status half-configured vim-common:all 2:8.1.0875-5
2021-11-17 21:58:11 status installed vim-common:all 2:8.1.0875-5
2021-11-17 21:58:11 configure libgles2:arm64 1.1.0-1 <none>
2021-11-17 21:58:11 status unpacked libgles2:arm64 1.1.0-1
2021-11-17 21:58:11 status half-configured libgles2:arm64 1.1.0-1
2021-11-17 21:58:11 status installed libgles2:arm64 1.1.0-1
2021-11-17 21:58:11 configure libjpeg62-turbo:arm64 1:1.5.2-2+deb10u1 <none>
2021-11-17 21:58:11 status unpacked libjpeg62-turbo:arm64 1:1.5.2-2+deb10u1
2021-11-17 21:58:11 status half-configured libjpeg62-turbo:arm64 1:1.5.2-2+deb10u1
2021-11-17 21:58:11 status installed libjpeg62-turbo:arm64 1:1.5.2-2+deb10u1
2021-11-17 21:58:11 configure libslang2:arm64 2.3.2-2 <none>
2021-11-17 21:58:11 status unpacked libslang2:arm64 2.3.2-2
2021-11-17 21:58:11 status half-configured libslang2:arm64 2.3.2-2
2021-11-17 21:58:11 status installed libslang2:arm64 2.3.2-2
2021-11-17 21:58:11 configure libva2:arm64 2.4.0-1 <none>
2021-11-17 21:58:11 status unpacked libva2:arm64 2.4.0-1
2021-11-17 21:58:11 status half-configured libva2:arm64 2.4.0-1
2021-11-17 21:58:11 status installed libva2:arm64 2.4.0-1
2021-11-17 21:58:11 configure libwrap0:arm64 7.6.q-28 <none>
2021-11-17 21:58:11 status unpacked libwrap0:arm64 7.6.q-28
2021-11-17 21:58:11 status half-configured libwrap0:arm64 7.6.q-28
2021-11-17 21:58:12 status installed libwrap0:arm64 7.6.q-28
2021-11-17 21:58:12 configure libx11-data:all 2:1.6.7-1+deb10u1 <none>
2021-11-17 21:58:12 status unpacked libx11-data:all 2:1.6.7-1+deb10u1
2021-11-17 21:58:12 status half-configured libx11-data:all 2:1.6.7-1+deb10u1
2021-11-17 21:58:12 status installed libx11-data:all 2:1.6.7-1+deb10u1
2021-11-17 21:58:12 configure make:arm64 4.2.1-1.2 <none>
2021-11-17 21:58:12 status unpacked make:arm64 4.2.1-1.2
2021-11-17 21:58:12 status half-configured make:arm64 4.2.1-1.2
2021-11-17 21:58:12 status installed make:arm64 4.2.1-1.2
2021-11-17 21:58:12 configure libepoxy0:arm64 1.5.3-0.1 <none>
2021-11-17 21:58:12 status unpacked libepoxy0:arm64 1.5.3-0.1
2021-11-17 21:58:12 status half-configured libepoxy0:arm64 1.5.3-0.1
2021-11-17 21:58:12 status installed libepoxy0:arm64 1.5.3-0.1
2021-11-17 21:58:12 configure gnupg-l10n:all 2.2.12-1+deb10u1 <none>
2021-11-17 21:58:12 status unpacked gnupg-l10n:all 2.2.12-1+deb10u1
2021-11-17 21:58:12 status half-configured gnupg-l10n:all 2.2.12-1+deb10u1
2021-11-17 21:58:12 status installed gnupg-l10n:all 2.2.12-1+deb10u1
2021-11-17 21:58:12 configure python2.7-minimal:arm64 2.7.16-2+deb10u1 <none>
2021-11-17 21:58:12 status unpacked python2.7-minimal:arm64 2.7.16-2+deb10u1
2021-11-17 21:58:12 status half-configured python2.7-minimal:arm64 2.7.16-2+deb10u1
2021-11-17 21:58:18 status installed python2.7-minimal:arm64 2.7.16-2+deb10u1
2021-11-17 21:58:19 configure libidn11:arm64 1.33-2.2 <none>
2021-11-17 21:58:19 status unpacked libidn11:arm64 1.33-2.2
2021-11-17 21:58:19 status half-configured libidn11:arm64 1.33-2.2
2021-11-17 21:58:19 status installed libidn11:arm64 1.33-2.2
2021-11-17 21:58:19 configure aptitude-common:all 0.8.11-7 <none>
2021-11-17 21:58:19 status unpacked aptitude-common:all 0.8.11-7
2021-11-17 21:58:19 status half-configured aptitude-common:all 0.8.11-7
2021-11-17 21:58:19 status installed aptitude-common:all 0.8.11-7
2021-11-17 21:58:19 configure bash-completion:all 1:2.8-6 <none>
2021-11-17 21:58:19 status unpacked bash-completion:all 1:2.8-6
2021-11-17 21:58:19 status half-configured bash-completion:all 1:2.8-6
2021-11-17 21:58:48 status installed bash-completion:all 1:2.8-6
2021-11-17 21:58:48 configure libiptc0:arm64 1.8.2-4 <none>
2021-11-17 21:58:48 status unpacked libiptc0:arm64 1.8.2-4
2021-11-17 21:58:48 status half-configured libiptc0:arm64 1.8.2-4
2021-11-17 21:58:48 status installed libiptc0:arm64 1.8.2-4
2021-11-17 21:58:48 configure libgmp10:arm64 2:6.1.2+dfsg-4 <none>
2021-11-17 21:58:48 status unpacked libgmp10:arm64 2:6.1.2+dfsg-4
2021-11-17 21:58:48 status half-configured libgmp10:arm64 2:6.1.2+dfsg-4
2021-11-17 21:58:48 status installed libgmp10:arm64 2:6.1.2+dfsg-4
2021-11-17 21:58:48 configure libavahi-common-data:arm64 0.7-4+deb10u1 <none>
2021-11-17 21:58:48 status unpacked libavahi-common-data:arm64 0.7-4+deb10u1
2021-11-17 21:58:48 status half-configured libavahi-common-data:arm64 0.7-4+deb10u1
2021-11-17 21:58:48 status installed libavahi-common-data:arm64 0.7-4+deb10u1
2021-11-17 21:58:48 configure libdbus-1-3:arm64 1.12.20-0+deb10u1 <none>
2021-11-17 21:58:48 status unpacked libdbus-1-3:arm64 1.12.20-0+deb10u1
2021-11-17 21:58:48 status half-configured libdbus-1-3:arm64 1.12.20-0+deb10u1
2021-11-17 21:58:48 status installed libdbus-1-3:arm64 1.12.20-0+deb10u1
2021-11-17 21:58:48 configure xz-utils:arm64 5.2.4-1 <none>
2021-11-17 21:58:48 status unpacked xz-utils:arm64 5.2.4-1
2021-11-17 21:58:48 status half-configured xz-utils:arm64 5.2.4-1
2021-11-17 21:58:48 status installed xz-utils:arm64 5.2.4-1
2021-11-17 21:58:48 configure libfribidi0:arm64 1.0.5-3.1+deb10u1 <none>
2021-11-17 21:58:48 status unpacked libfribidi0:arm64 1.0.5-3.1+deb10u1
2021-11-17 21:58:48 status half-configured libfribidi0:arm64 1.0.5-3.1+deb10u1
2021-11-17 21:58:48 status installed libfribidi0:arm64 1.0.5-3.1+deb10u1
2021-11-17 21:58:48 configure libopus0:arm64 1.3-1 <none>
2021-11-17 21:58:48 status unpacked libopus0:arm64 1.3-1
2021-11-17 21:58:48 status half-configured libopus0:arm64 1.3-1
2021-11-17 21:58:48 status installed libopus0:arm64 1.3-1
2021-11-17 21:58:48 configure libp11-kit0:arm64 0.23.15-2+deb10u1 <none>
2021-11-17 21:58:48 status unpacked libp11-kit0:arm64 0.23.15-2+deb10u1
2021-11-17 21:58:48 status half-configured libp11-kit0:arm64 0.23.15-2+deb10u1
2021-11-17 21:58:48 status installed libp11-kit0:arm64 0.23.15-2+deb10u1
2021-11-17 21:58:48 configure libfaad2:arm64 2.8.8-3 <none>
2021-11-17 21:58:48 status unpacked libfaad2:arm64 2.8.8-3
2021-11-17 21:58:48 status half-configured libfaad2:arm64 2.8.8-3
2021-11-17 21:58:48 status installed libfaad2:arm64 2.8.8-3
2021-11-17 21:58:48 configure libaudit1:arm64 1:2.8.4-3 <none>
2021-11-17 21:58:48 status unpacked libaudit1:arm64 1:2.8.4-3
2021-11-17 21:58:48 status half-configured libaudit1:arm64 1:2.8.4-3
2021-11-17 21:58:48 status installed libaudit1:arm64 1:2.8.4-3
2021-11-17 21:58:48 configure libimagequant0:arm64 2.12.2-1.1 <none>
2021-11-17 21:58:48 status unpacked libimagequant0:arm64 2.12.2-1.1
2021-11-17 21:58:48 status half-configured libimagequant0:arm64 2.12.2-1.1
2021-11-17 21:58:48 status installed libimagequant0:arm64 2.12.2-1.1
2021-11-17 21:58:48 configure libpng16-16:arm64 1.6.36-6 <none>
2021-11-17 21:58:48 status unpacked libpng16-16:arm64 1.6.36-6
2021-11-17 21:58:49 status half-configured libpng16-16:arm64 1.6.36-6
2021-11-17 21:58:49 status installed libpng16-16:arm64 1.6.36-6
2021-11-17 21:58:49 configure libmnl0:arm64 1.0.4-2 <none>
2021-11-17 21:58:49 status unpacked libmnl0:arm64 1.0.4-2
2021-11-17 21:58:49 status half-configured libmnl0:arm64 1.0.4-2
2021-11-17 21:58:49 status installed libmnl0:arm64 1.0.4-2
2021-11-17 21:58:49 configure libatomic1:arm64 8.3.0-6 <none>
2021-11-17 21:58:49 status unpacked libatomic1:arm64 8.3.0-6
2021-11-17 21:58:49 status half-configured libatomic1:arm64 8.3.0-6
2021-11-17 21:58:49 status installed libatomic1:arm64 8.3.0-6
2021-11-17 21:58:49 configure libvorbis0a:arm64 1.3.6-2 <none>
2021-11-17 21:58:49 status unpacked libvorbis0a:arm64 1.3.6-2
2021-11-17 21:58:49 status half-configured libvorbis0a:arm64 1.3.6-2
2021-11-17 21:58:49 status installed libvorbis0a:arm64 1.3.6-2
2021-11-17 21:58:49 configure libuuid1:arm64 2.33.1-0.1 <none>
2021-11-17 21:58:49 status unpacked libuuid1:arm64 2.33.1-0.1
2021-11-17 21:58:49 status half-configured libuuid1:arm64 2.33.1-0.1
2021-11-17 21:58:49 status installed libuuid1:arm64 2.33.1-0.1
2021-11-17 21:58:49 configure patch:arm64 2.7.6-3+deb10u1 <none>
2021-11-17 21:58:49 status unpacked patch:arm64 2.7.6-3+deb10u1
2021-11-17 21:58:49 status half-configured patch:arm64 2.7.6-3+deb10u1
2021-11-17 21:58:49 status installed patch:arm64 2.7.6-3+deb10u1
2021-11-17 21:58:49 configure libss2:arm64 1.44.5-1+deb10u3 <none>
2021-11-17 21:58:49 status unpacked libss2:arm64 1.44.5-1+deb10u3
2021-11-17 21:58:49 status half-configured libss2:arm64 1.44.5-1+deb10u3
2021-11-17 21:58:49 status installed libss2:arm64 1.44.5-1+deb10u3
2021-11-17 21:58:49 configure liborc-0.4-0:arm64 1:0.4.28-3.1 <none>
2021-11-17 21:58:49 status unpacked liborc-0.4-0:arm64 1:0.4.28-3.1
2021-11-17 21:58:49 status half-configured liborc-0.4-0:arm64 1:0.4.28-3.1
2021-11-17 21:58:49 status installed liborc-0.4-0:arm64 1:0.4.28-3.1
2021-11-17 21:58:49 configure libwebp6:arm64 0.6.1-2 <none>
2021-11-17 21:58:49 status unpacked libwebp6:arm64 0.6.1-2
2021-11-17 21:58:49 status half-configured libwebp6:arm64 0.6.1-2
2021-11-17 21:58:49 status installed libwebp6:arm64 0.6.1-2
2021-11-17 21:58:49 configure fonts-dejavu-core:all 2.37-1 <none>
2021-11-17 21:58:49 status unpacked fonts-dejavu-core:all 2.37-1
2021-11-17 21:58:49 status half-configured fonts-dejavu-core:all 2.37-1
2021-11-17 21:58:49 status installed fonts-dejavu-core:all 2.37-1
2021-11-17 21:58:49 configure libhavege1:arm64 1.9.1-7 <none>
2021-11-17 21:58:49 status unpacked libhavege1:arm64 1.9.1-7
2021-11-17 21:58:49 status half-configured libhavege1:arm64 1.9.1-7
2021-11-17 21:58:49 status installed libhavege1:arm64 1.9.1-7
2021-11-17 21:58:49 configure libpcsclite1:arm64 1.8.24-1 <none>
2021-11-17 21:58:49 status unpacked libpcsclite1:arm64 1.8.24-1
2021-11-17 21:58:49 status half-configured libpcsclite1:arm64 1.8.24-1
2021-11-17 21:58:49 status installed libpcsclite1:arm64 1.8.24-1
2021-11-17 21:58:49 configure libsensors5:arm64 1:3.5.0-3 <none>
2021-11-17 21:58:49 status unpacked libsensors5:arm64 1:3.5.0-3
2021-11-17 21:58:49 status half-configured libsensors5:arm64 1:3.5.0-3
2021-11-17 21:58:49 status installed libsensors5:arm64 1:3.5.0-3
2021-11-17 21:58:49 configure libpcre2-8-0:arm64 10.32-5 <none>
2021-11-17 21:58:49 status unpacked libpcre2-8-0:arm64 10.32-5
2021-11-17 21:58:49 status half-configured libpcre2-8-0:arm64 10.32-5
2021-11-17 21:58:49 status installed libpcre2-8-0:arm64 10.32-5
2021-11-17 21:58:49 configure libk5crypto3:arm64 1.17-3+deb10u1 <none>
2021-11-17 21:58:49 status unpacked libk5crypto3:arm64 1.17-3+deb10u1
2021-11-17 21:58:49 status half-configured libk5crypto3:arm64 1.17-3+deb10u1
2021-11-17 21:58:49 status installed libk5crypto3:arm64 1.17-3+deb10u1
2021-11-17 21:58:49 configure libnettle6:arm64 3.4.1-1 <none>
2021-11-17 21:58:49 status unpacked libnettle6:arm64 3.4.1-1
2021-11-17 21:58:49 status half-configured libnettle6:arm64 3.4.1-1
2021-11-17 21:58:49 status installed libnettle6:arm64 3.4.1-1
2021-11-17 21:58:49 configure libxtables12:arm64 1.8.2-4 <none>
2021-11-17 21:58:49 status unpacked libxtables12:arm64 1.8.2-4
2021-11-17 21:58:49 status half-configured libxtables12:arm64 1.8.2-4
2021-11-17 21:58:49 status installed libxtables12:arm64 1.8.2-4
2021-11-17 21:58:49 configure libltdl7:arm64 2.4.6-9 <none>
2021-11-17 21:58:49 status unpacked libltdl7:arm64 2.4.6-9
2021-11-17 21:58:49 status half-configured libltdl7:arm64 2.4.6-9
2021-11-17 21:58:49 status installed libltdl7:arm64 2.4.6-9
2021-11-17 21:58:49 configure libfftw3-double3:arm64 3.3.8-2 <none>
2021-11-17 21:58:49 status unpacked libfftw3-double3:arm64 3.3.8-2
2021-11-17 21:58:49 status half-configured libfftw3-double3:arm64 3.3.8-2
2021-11-17 21:58:49 status installed libfftw3-double3:arm64 3.3.8-2
2021-11-17 21:58:49 configure libglapi-mesa:arm64 18.3.6-2+deb10u1 <none>
2021-11-17 21:58:49 status unpacked libglapi-mesa:arm64 18.3.6-2+deb10u1
2021-11-17 21:58:49 status half-configured libglapi-mesa:arm64 18.3.6-2+deb10u1
2021-11-17 21:58:49 status installed libglapi-mesa:arm64 18.3.6-2+deb10u1
2021-11-17 21:58:49 configure libgfortran5:arm64 8.3.0-6 <none>
2021-11-17 21:58:49 status unpacked libgfortran5:arm64 8.3.0-6
2021-11-17 21:58:49 status half-configured libgfortran5:arm64 8.3.0-6
2021-11-17 21:58:49 status installed libgfortran5:arm64 8.3.0-6
2021-11-17 21:58:49 configure libmtdev1:arm64 1.1.5-1+b1 <none>
2021-11-17 21:58:49 status unpacked libmtdev1:arm64 1.1.5-1+b1
2021-11-17 21:58:49 status half-configured libmtdev1:arm64 1.1.5-1+b1
2021-11-17 21:58:49 status installed libmtdev1:arm64 1.1.5-1+b1
2021-11-17 21:58:49 configure libvulkan1:arm64 1.1.97-2 <none>
2021-11-17 21:58:49 status unpacked libvulkan1:arm64 1.1.97-2
2021-11-17 21:58:49 status half-configured libvulkan1:arm64 1.1.97-2
2021-11-17 21:58:49 status installed libvulkan1:arm64 1.1.97-2
2021-11-17 21:58:49 configure liblognorm5:arm64 2.0.5-1 <none>
2021-11-17 21:58:49 status unpacked liblognorm5:arm64 2.0.5-1
2021-11-17 21:58:49 status half-configured liblognorm5:arm64 2.0.5-1
2021-11-17 21:58:49 status installed liblognorm5:arm64 2.0.5-1
2021-11-17 21:58:49 configure libudev1:arm64 241-7~deb10u7 <none>
2021-11-17 21:58:49 status unpacked libudev1:arm64 241-7~deb10u7
2021-11-17 21:58:49 status half-configured libudev1:arm64 241-7~deb10u7
2021-11-17 21:58:49 status installed libudev1:arm64 241-7~deb10u7
2021-11-17 21:58:49 configure libatk1.0-data:all 2.30.0-2 <none>
2021-11-17 21:58:49 status unpacked libatk1.0-data:all 2.30.0-2
2021-11-17 21:58:49 status half-configured libatk1.0-data:all 2.30.0-2
2021-11-17 21:58:49 status installed libatk1.0-data:all 2.30.0-2
2021-11-17 21:58:49 configure libsepol1:arm64 2.8-1 <none>
2021-11-17 21:58:49 status unpacked libsepol1:arm64 2.8-1
2021-11-17 21:58:49 status half-configured libsepol1:arm64 2.8-1
2021-11-17 21:58:49 status installed libsepol1:arm64 2.8-1
2021-11-17 21:58:49 configure libpci3:arm64 1:3.5.2-1 <none>
2021-11-17 21:58:49 status unpacked libpci3:arm64 1:3.5.2-1
2021-11-17 21:58:49 status half-configured libpci3:arm64 1:3.5.2-1
2021-11-17 21:58:49 status installed libpci3:arm64 1:3.5.2-1
2021-11-17 21:58:49 configure libnuma1:arm64 2.0.12-1 <none>
2021-11-17 21:58:49 status unpacked libnuma1:arm64 2.0.12-1
2021-11-17 21:58:49 status half-configured libnuma1:arm64 2.0.12-1
2021-11-17 21:58:49 status installed libnuma1:arm64 2.0.12-1
2021-11-17 21:58:49 configure libisl19:arm64 0.20-2 <none>
2021-11-17 21:58:49 status unpacked libisl19:arm64 0.20-2
2021-11-17 21:58:49 status half-configured libisl19:arm64 0.20-2
2021-11-17 21:58:49 status installed libisl19:arm64 0.20-2
2021-11-17 21:58:49 configure python-apt-common:all 1.8.4.3 <none>
2021-11-17 21:58:49 status unpacked python-apt-common:all 1.8.4.3
2021-11-17 21:58:49 status half-configured python-apt-common:all 1.8.4.3
2021-11-17 21:58:49 status installed python-apt-common:all 1.8.4.3
2021-11-17 21:58:49 configure sensible-utils:all 0.0.12 <none>
2021-11-17 21:58:49 status unpacked sensible-utils:all 0.0.12
2021-11-17 21:58:49 status half-configured sensible-utils:all 0.0.12
2021-11-17 21:58:49 status installed sensible-utils:all 0.0.12
2021-11-17 21:58:49 configure libdv4:arm64 1.0.0-12 <none>
2021-11-17 21:58:49 status unpacked libdv4:arm64 1.0.0-12
2021-11-17 21:58:49 status half-configured libdv4:arm64 1.0.0-12
2021-11-17 21:58:49 status installed libdv4:arm64 1.0.0-12
2021-11-17 21:58:50 configure libasyncns0:arm64 0.8-6 <none>
2021-11-17 21:58:50 status unpacked libasyncns0:arm64 0.8-6
2021-11-17 21:58:50 status half-configured libasyncns0:arm64 0.8-6
2021-11-17 21:58:50 status installed libasyncns0:arm64 0.8-6
2021-11-17 21:58:50 configure libwildmidi2:arm64 0.4.3-1 <none>
2021-11-17 21:58:50 status unpacked libwildmidi2:arm64 0.4.3-1
2021-11-17 21:58:50 status half-configured libwildmidi2:arm64 0.4.3-1
2021-11-17 21:58:50 status installed libwildmidi2:arm64 0.4.3-1
2021-11-17 21:58:50 configure libxshmfence1:arm64 1.3-1 <none>
2021-11-17 21:58:50 status unpacked libxshmfence1:arm64 1.3-1
2021-11-17 21:58:50 status half-configured libxshmfence1:arm64 1.3-1
2021-11-17 21:58:50 status installed libxshmfence1:arm64 1.3-1
2021-11-17 21:58:50 configure libbluetooth3:arm64 5.50+imx-mendel3 <none>
2021-11-17 21:58:50 status unpacked libbluetooth3:arm64 5.50+imx-mendel3
2021-11-17 21:58:50 status half-configured libbluetooth3:arm64 5.50+imx-mendel3
2021-11-17 21:58:50 status installed libbluetooth3:arm64 5.50+imx-mendel3
2021-11-17 21:58:50 configure libwavpack1:arm64 5.1.0-6 <none>
2021-11-17 21:58:50 status unpacked libwavpack1:arm64 5.1.0-6
2021-11-17 21:58:50 status half-configured libwavpack1:arm64 5.1.0-6
2021-11-17 21:58:50 status installed libwavpack1:arm64 5.1.0-6
2021-11-17 21:58:50 configure libnfnetlink0:arm64 1.0.1-3+b1 <none>
2021-11-17 21:58:50 status unpacked libnfnetlink0:arm64 1.0.1-3+b1
2021-11-17 21:58:50 status half-configured libnfnetlink0:arm64 1.0.1-3+b1
2021-11-17 21:58:50 status installed libnfnetlink0:arm64 1.0.1-3+b1
2021-11-17 21:58:50 configure libattr1:arm64 1:2.4.48-4 <none>
2021-11-17 21:58:50 status unpacked libattr1:arm64 1:2.4.48-4
2021-11-17 21:58:50 status half-configured libattr1:arm64 1:2.4.48-4
2021-11-17 21:58:50 status installed libattr1:arm64 1:2.4.48-4
2021-11-17 21:58:50 configure libspeexdsp1:arm64 1.2~rc1.2-1+b2 <none>
2021-11-17 21:58:50 status unpacked libspeexdsp1:arm64 1.2~rc1.2-1+b2
2021-11-17 21:58:50 status half-configured libspeexdsp1:arm64 1.2~rc1.2-1+b2
2021-11-17 21:58:50 status installed libspeexdsp1:arm64 1.2~rc1.2-1+b2
2021-11-17 21:58:50 configure libasound2:arm64 1.1.8-1 <none>
2021-11-17 21:58:50 status unpacked libasound2:arm64 1.1.8-1
2021-11-17 21:58:50 status half-configured libasound2:arm64 1.1.8-1
2021-11-17 21:58:50 status installed libasound2:arm64 1.1.8-1
2021-11-17 21:58:50 configure libv4lconvert0:arm64 1.16.3-3 <none>
2021-11-17 21:58:50 status unpacked libv4lconvert0:arm64 1.16.3-3
2021-11-17 21:58:50 status half-configured libv4lconvert0:arm64 1.16.3-3
2021-11-17 21:58:50 status installed libv4lconvert0:arm64 1.16.3-3
2021-11-17 21:58:50 configure libnl-3-200:arm64 3.4.0-1 <none>
2021-11-17 21:58:50 status unpacked libnl-3-200:arm64 3.4.0-1
2021-11-17 21:58:50 status half-configured libnl-3-200:arm64 3.4.0-1
2021-11-17 21:58:50 status installed libnl-3-200:arm64 3.4.0-1
2021-11-17 21:58:50 configure libgeoip1:arm64 1.6.12-1 <none>
2021-11-17 21:58:50 status unpacked libgeoip1:arm64 1.6.12-1
2021-11-17 21:58:50 status half-configured libgeoip1:arm64 1.6.12-1
2021-11-17 21:58:50 status installed libgeoip1:arm64 1.6.12-1
2021-11-17 21:58:50 configure libopencore-amrnb0:arm64 0.1.3-2.1+b2 <none>
2021-11-17 21:58:50 status unpacked libopencore-amrnb0:arm64 0.1.3-2.1+b2
2021-11-17 21:58:50 status half-configured libopencore-amrnb0:arm64 0.1.3-2.1+b2
2021-11-17 21:58:50 status installed libopencore-amrnb0:arm64 0.1.3-2.1+b2
2021-11-17 21:58:50 configure libtasn1-6:arm64 4.13-3 <none>
2021-11-17 21:58:50 status unpacked libtasn1-6:arm64 4.13-3
2021-11-17 21:58:50 status half-configured libtasn1-6:arm64 4.13-3
2021-11-17 21:58:50 status installed libtasn1-6:arm64 4.13-3
2021-11-17 21:58:50 configure libdca0:arm64 0.0.6-1 <none>
2021-11-17 21:58:50 status unpacked libdca0:arm64 0.0.6-1
2021-11-17 21:58:50 status half-configured libdca0:arm64 0.0.6-1
2021-11-17 21:58:50 status installed libdca0:arm64 0.0.6-1
2021-11-17 21:58:50 configure libv4l2rds0:arm64 1.16.3-3 <none>
2021-11-17 21:58:50 status unpacked libv4l2rds0:arm64 1.16.3-3
2021-11-17 21:58:50 status half-configured libv4l2rds0:arm64 1.16.3-3
2021-11-17 21:58:50 status installed libv4l2rds0:arm64 1.16.3-3
2021-11-17 21:58:50 configure libopenjp2-7:arm64 2.3.0-2+deb10u1 <none>
2021-11-17 21:58:50 status unpacked libopenjp2-7:arm64 2.3.0-2+deb10u1
2021-11-17 21:58:50 status half-configured libopenjp2-7:arm64 2.3.0-2+deb10u1
2021-11-17 21:58:50 status installed libopenjp2-7:arm64 2.3.0-2+deb10u1
2021-11-17 21:58:50 configure git-man:all 1:2.20.1-2+deb10u3 <none>
2021-11-17 21:58:50 status unpacked git-man:all 1:2.20.1-2+deb10u3
2021-11-17 21:58:50 status half-configured git-man:all 1:2.20.1-2+deb10u3
2021-11-17 21:58:50 status installed git-man:all 1:2.20.1-2+deb10u3
2021-11-17 21:58:50 configure libopenal-data:all 1:1.19.1-1 <none>
2021-11-17 21:58:50 status unpacked libopenal-data:all 1:1.19.1-1
2021-11-17 21:58:50 status half-configured libopenal-data:all 1:1.19.1-1
2021-11-17 21:58:50 status installed libopenal-data:all 1:1.19.1-1
2021-11-17 21:58:50 configure libthai-data:all 0.1.28-2 <none>
2021-11-17 21:58:50 status unpacked libthai-data:all 0.1.28-2
2021-11-17 21:58:50 status half-configured libthai-data:all 0.1.28-2
2021-11-17 21:58:50 status installed libthai-data:all 0.1.28-2
2021-11-17 21:58:50 configure kbd:arm64 2.0.4-4 <none>
2021-11-17 21:58:50 status unpacked kbd:arm64 2.0.4-4
2021-11-17 21:58:50 status half-configured kbd:arm64 2.0.4-4
2021-11-17 21:58:51 status installed kbd:arm64 2.0.4-4
2021-11-17 21:58:51 configure libssh2-1:arm64 1.8.0-2.1 <none>
2021-11-17 21:58:51 status unpacked libssh2-1:arm64 1.8.0-2.1
2021-11-17 21:58:51 status half-configured libssh2-1:arm64 1.8.0-2.1
2021-11-17 21:58:51 status installed libssh2-1:arm64 1.8.0-2.1
2021-11-17 21:58:51 configure netbase:all 5.6 <none>
2021-11-17 21:58:51 status unpacked netbase:all 5.6
2021-11-17 21:58:51 status half-configured netbase:all 5.6
2021-11-17 21:58:51 status installed netbase:all 5.6
2021-11-17 21:58:51 configure libjson-glib-1.0-common:all 1.4.4-2 <none>
2021-11-17 21:58:51 status unpacked libjson-glib-1.0-common:all 1.4.4-2
2021-11-17 21:58:51 status half-configured libjson-glib-1.0-common:all 1.4.4-2
2021-11-17 21:58:51 status installed libjson-glib-1.0-common:all 1.4.4-2
2021-11-17 21:58:51 configure debianutils:arm64 4.8.6.1 <none>
2021-11-17 21:58:51 status unpacked debianutils:arm64 4.8.6.1
2021-11-17 21:58:51 status half-configured debianutils:arm64 4.8.6.1
2021-11-17 21:58:52 status installed debianutils:arm64 4.8.6.1
2021-11-17 21:58:52 configure libtiff5:arm64 4.1.0+git191117-2~deb10u2 <none>
2021-11-17 21:58:52 status unpacked libtiff5:arm64 4.1.0+git191117-2~deb10u2
2021-11-17 21:58:52 status half-configured libtiff5:arm64 4.1.0+git191117-2~deb10u2
2021-11-17 21:58:52 status installed libtiff5:arm64 4.1.0+git191117-2~deb10u2
2021-11-17 21:58:52 configure libwayland-egl1:arm64 1.16.0-1 <none>
2021-11-17 21:58:52 status unpacked libwayland-egl1:arm64 1.16.0-1
2021-11-17 21:58:52 status half-configured libwayland-egl1:arm64 1.16.0-1
2021-11-17 21:58:52 status installed libwayland-egl1:arm64 1.16.0-1
2021-11-17 21:58:52 configure libusb-1.0-0:arm64 2:1.0.22-2 <none>
2021-11-17 21:58:52 status unpacked libusb-1.0-0:arm64 2:1.0.22-2
2021-11-17 21:58:52 status half-configured libusb-1.0-0:arm64 2:1.0.22-2
2021-11-17 21:58:52 status installed libusb-1.0-0:arm64 2:1.0.22-2
2021-11-17 21:58:52 configure libmpdec2:arm64 2.4.2-2 <none>
2021-11-17 21:58:52 status unpacked libmpdec2:arm64 2.4.2-2
2021-11-17 21:58:52 status half-configured libmpdec2:arm64 2.4.2-2
2021-11-17 21:58:52 status installed libmpdec2:arm64 2.4.2-2
2021-11-17 21:58:52 configure libndp0:arm64 1.6-1+b1 <none>
2021-11-17 21:58:52 status unpacked libndp0:arm64 1.6-1+b1
2021-11-17 21:58:52 status half-configured libndp0:arm64 1.6-1+b1
2021-11-17 21:58:52 status installed libndp0:arm64 1.6-1+b1
2021-11-17 21:58:52 configure dmidecode:arm64 3.2-1 <none>
2021-11-17 21:58:52 status unpacked dmidecode:arm64 3.2-1
2021-11-17 21:58:52 status half-configured dmidecode:arm64 3.2-1
2021-11-17 21:58:52 status installed dmidecode:arm64 3.2-1
2021-11-17 21:58:52 configure glib-networking-common:all 2.58.0-2+deb10u2 <none>
2021-11-17 21:58:52 status unpacked glib-networking-common:all 2.58.0-2+deb10u2
2021-11-17 21:58:52 status half-configured glib-networking-common:all 2.58.0-2+deb10u2
2021-11-17 21:58:52 status installed glib-networking-common:all 2.58.0-2+deb10u2
2021-11-17 21:58:52 configure libbinutils:arm64 2.31.1-16 <none>
2021-11-17 21:58:52 status unpacked libbinutils:arm64 2.31.1-16
2021-11-17 21:58:52 status half-configured libbinutils:arm64 2.31.1-16
2021-11-17 21:58:52 status installed libbinutils:arm64 2.31.1-16
2021-11-17 21:58:52 configure vim-runtime:all 2:8.1.0875-5 <none>
2021-11-17 21:58:52 status unpacked vim-runtime:all 2:8.1.0875-5
2021-11-17 21:58:52 status half-configured vim-runtime:all 2:8.1.0875-5
2021-11-17 21:58:55 status installed vim-runtime:all 2:8.1.0875-5
2021-11-17 21:58:55 configure libbz2-1.0:arm64 1.0.6-9.2~deb10u1 <none>
2021-11-17 21:58:55 status unpacked libbz2-1.0:arm64 1.0.6-9.2~deb10u1
2021-11-17 21:58:55 status half-configured libbz2-1.0:arm64 1.0.6-9.2~deb10u1
2021-11-17 21:58:55 status installed libbz2-1.0:arm64 1.0.6-9.2~deb10u1
2021-11-17 21:58:55 configure libc-dev-bin:arm64 2.28-10 <none>
2021-11-17 21:58:55 status unpacked libc-dev-bin:arm64 2.28-10
2021-11-17 21:58:55 status half-configured libc-dev-bin:arm64 2.28-10
2021-11-17 21:58:55 status installed libc-dev-bin:arm64 2.28-10
2021-11-17 21:58:55 configure libclass-isa-perl:all 0.36-6 <none>
2021-11-17 21:58:55 status unpacked libclass-isa-perl:all 0.36-6
2021-11-17 21:58:55 status half-configured libclass-isa-perl:all 0.36-6
2021-11-17 21:58:55 status installed libclass-isa-perl:all 0.36-6
2021-11-17 21:58:55 configure libdaemon0:arm64 0.14-7 <none>
2021-11-17 21:58:55 status unpacked libdaemon0:arm64 0.14-7
2021-11-17 21:58:55 status half-configured libdaemon0:arm64 0.14-7
2021-11-17 21:58:55 status installed libdaemon0:arm64 0.14-7
2021-11-17 21:58:55 configure libsamplerate0:arm64 0.1.9-2 <none>
2021-11-17 21:58:55 status unpacked libsamplerate0:arm64 0.1.9-2
2021-11-17 21:58:55 status half-configured libsamplerate0:arm64 0.1.9-2
2021-11-17 21:58:55 status installed libsamplerate0:arm64 0.1.9-2
2021-11-17 21:58:55 configure libwebpmux3:arm64 0.6.1-2 <none>
2021-11-17 21:58:55 status unpacked libwebpmux3:arm64 0.6.1-2
2021-11-17 21:58:55 status half-configured libwebpmux3:arm64 0.6.1-2
2021-11-17 21:58:55 status installed libwebpmux3:arm64 0.6.1-2
2021-11-17 21:58:55 configure libbsd0:arm64 0.9.1-2+deb10u1 <none>
2021-11-17 21:58:55 status unpacked libbsd0:arm64 0.9.1-2+deb10u1
2021-11-17 21:58:55 status half-configured libbsd0:arm64 0.9.1-2+deb10u1
2021-11-17 21:58:55 status installed libbsd0:arm64 0.9.1-2+deb10u1
2021-11-17 21:58:55 configure lrzsz:arm64 0.12.21-10 <none>
2021-11-17 21:58:55 status unpacked lrzsz:arm64 0.12.21-10
2021-11-17 21:58:55 status half-configured lrzsz:arm64 0.12.21-10
2021-11-17 21:58:55 status installed lrzsz:arm64 0.12.21-10
2021-11-17 21:58:55 configure libdrm-common:all 2.4.97-1 <none>
2021-11-17 21:58:55 status unpacked libdrm-common:all 2.4.97-1
2021-11-17 21:58:55 status half-configured libdrm-common:all 2.4.97-1
2021-11-17 21:58:55 status installed libdrm-common:all 2.4.97-1
2021-11-17 21:58:55 configure libelf1:arm64 0.176-1.1 <none>
2021-11-17 21:58:55 status unpacked libelf1:arm64 0.176-1.1
2021-11-17 21:58:55 status half-configured libelf1:arm64 0.176-1.1
2021-11-17 21:58:55 status installed libelf1:arm64 0.176-1.1
2021-11-17 21:58:55 configure iputils-ping:arm64 3:20180629-2+deb10u2 <none>
2021-11-17 21:58:55 status unpacked iputils-ping:arm64 3:20180629-2+deb10u2
2021-11-17 21:58:55 status half-configured iputils-ping:arm64 3:20180629-2+deb10u2
2021-11-17 21:58:55 status installed iputils-ping:arm64 3:20180629-2+deb10u2
2021-11-17 21:58:55 configure libevdev2:arm64 1.6.0+dfsg-1 <none>
2021-11-17 21:58:55 status unpacked libevdev2:arm64 1.6.0+dfsg-1
2021-11-17 21:58:55 status half-configured libevdev2:arm64 1.6.0+dfsg-1
2021-11-17 21:58:55 status installed libevdev2:arm64 1.6.0+dfsg-1
2021-11-17 21:58:55 configure libdb5.3:arm64 5.3.28+dfsg1-0.5 <none>
2021-11-17 21:58:55 status unpacked libdb5.3:arm64 5.3.28+dfsg1-0.5
2021-11-17 21:58:55 status half-configured libdb5.3:arm64 5.3.28+dfsg1-0.5
2021-11-17 21:58:55 status installed libdb5.3:arm64 5.3.28+dfsg1-0.5
2021-11-17 21:58:55 configure libblkid1:arm64 2.33.1-0.1 <none>
2021-11-17 21:58:55 status unpacked libblkid1:arm64 2.33.1-0.1
2021-11-17 21:58:55 status half-configured libblkid1:arm64 2.33.1-0.1
2021-11-17 21:58:55 status installed libblkid1:arm64 2.33.1-0.1
2021-11-17 21:58:55 configure iso-codes:all 4.2-1 <none>
2021-11-17 21:58:55 status unpacked iso-codes:all 4.2-1
2021-11-17 21:58:55 status half-configured iso-codes:all 4.2-1
2021-11-17 21:58:55 status installed iso-codes:all 4.2-1
2021-11-17 21:58:55 configure libstdc++6:arm64 8.3.0-6 <none>
2021-11-17 21:58:55 status unpacked libstdc++6:arm64 8.3.0-6
2021-11-17 21:58:55 status half-configured libstdc++6:arm64 8.3.0-6
2021-11-17 21:58:55 status installed libstdc++6:arm64 8.3.0-6
2021-11-17 21:58:55 configure libiw30:arm64 30~pre9-13 <none>
2021-11-17 21:58:55 status unpacked libiw30:arm64 30~pre9-13
2021-11-17 21:58:55 status half-configured libiw30:arm64 30~pre9-13
2021-11-17 21:58:55 status installed libiw30:arm64 30~pre9-13
2021-11-17 21:58:55 configure libzvbi-common:all 0.2.35-16 <none>
2021-11-17 21:58:55 status unpacked libzvbi-common:all 0.2.35-16
2021-11-17 21:58:55 status half-configured libzvbi-common:all 0.2.35-16
2021-11-17 21:58:55 status installed libzvbi-common:all 0.2.35-16
2021-11-17 21:58:55 configure liblsan0:arm64 8.3.0-6 <none>
2021-11-17 21:58:55 status unpacked liblsan0:arm64 8.3.0-6
2021-11-17 21:58:55 status half-configured liblsan0:arm64 8.3.0-6
2021-11-17 21:58:55 status installed liblsan0:arm64 8.3.0-6
2021-11-17 21:58:55 configure libmp3lame0:arm64 3.100-2+b1 <none>
2021-11-17 21:58:55 status unpacked libmp3lame0:arm64 3.100-2+b1
2021-11-17 21:58:55 status half-configured libmp3lame0:arm64 3.100-2+b1
2021-11-17 21:58:55 status installed libmp3lame0:arm64 3.100-2+b1
2021-11-17 21:58:55 configure libvpx5:arm64 1.7.0-3+deb10u1 <none>
2021-11-17 21:58:55 status unpacked libvpx5:arm64 1.7.0-3+deb10u1
2021-11-17 21:58:55 status half-configured libvpx5:arm64 1.7.0-3+deb10u1
2021-11-17 21:58:55 status installed libvpx5:arm64 1.7.0-3+deb10u1
2021-11-17 21:58:55 configure libitm1:arm64 8.3.0-6 <none>
2021-11-17 21:58:55 status unpacked libitm1:arm64 8.3.0-6
2021-11-17 21:58:55 status half-configured libitm1:arm64 8.3.0-6
2021-11-17 21:58:55 status installed libitm1:arm64 8.3.0-6
2021-11-17 21:58:55 configure libvorbisenc2:arm64 1.3.6-2 <none>
2021-11-17 21:58:55 status unpacked libvorbisenc2:arm64 1.3.6-2
2021-11-17 21:58:55 status half-configured libvorbisenc2:arm64 1.3.6-2
2021-11-17 21:58:55 status installed libvorbisenc2:arm64 1.3.6-2
2021-11-17 21:58:55 configure libdvdnav4:arm64 6.0.0-1 <none>
2021-11-17 21:58:55 status unpacked libdvdnav4:arm64 6.0.0-1
2021-11-17 21:58:55 status half-configured libdvdnav4:arm64 6.0.0-1
2021-11-17 21:58:55 status installed libdvdnav4:arm64 6.0.0-1
2021-11-17 21:58:55 configure libgdbm6:arm64 1.18.1-4 <none>
2021-11-17 21:58:55 status unpacked libgdbm6:arm64 1.18.1-4
2021-11-17 21:58:55 status half-configured libgdbm6:arm64 1.18.1-4
2021-11-17 21:58:55 status installed libgdbm6:arm64 1.18.1-4
2021-11-17 21:58:55 configure libtinfo6:arm64 6.1+20181013-2+deb10u2 <none>
2021-11-17 21:58:55 status unpacked libtinfo6:arm64 6.1+20181013-2+deb10u2
2021-11-17 21:58:55 status half-configured libtinfo6:arm64 6.1+20181013-2+deb10u2
2021-11-17 21:58:55 status installed libtinfo6:arm64 6.1+20181013-2+deb10u2
2021-11-17 21:58:56 configure libpopt0:arm64 1.16-12 <none>
2021-11-17 21:58:56 status unpacked libpopt0:arm64 1.16-12
2021-11-17 21:58:56 status half-configured libpopt0:arm64 1.16-12
2021-11-17 21:58:56 status installed libpopt0:arm64 1.16-12
2021-11-17 21:58:56 configure ethtool:arm64 1:4.19-1 <none>
2021-11-17 21:58:56 status unpacked ethtool:arm64 1:4.19-1
2021-11-17 21:58:56 status half-configured ethtool:arm64 1:4.19-1
2021-11-17 21:58:56 status installed ethtool:arm64 1:4.19-1
2021-11-17 21:58:56 configure libiec61883-0:arm64 1.2.0-3 <none>
2021-11-17 21:58:56 status unpacked libiec61883-0:arm64 1.2.0-3
2021-11-17 21:58:56 status half-configured libiec61883-0:arm64 1.2.0-3
2021-11-17 21:58:56 status installed libiec61883-0:arm64 1.2.0-3
2021-11-17 21:58:56 configure libwacom-common:all 0.32-1 <none>
2021-11-17 21:58:56 status unpacked libwacom-common:all 0.32-1
2021-11-17 21:58:56 status half-configured libwacom-common:all 0.32-1
2021-11-17 21:58:56 status installed libwacom-common:all 0.32-1
2021-11-17 21:58:56 configure ncurses-term:all 6.1+20181013-2+deb10u2 <none>
2021-11-17 21:58:56 status unpacked ncurses-term:all 6.1+20181013-2+deb10u2
2021-11-17 21:58:56 status half-configured ncurses-term:all 6.1+20181013-2+deb10u2
2021-11-17 21:58:56 status installed ncurses-term:all 6.1+20181013-2+deb10u2
2021-11-17 21:58:56 configure libtsan0:arm64 8.3.0-6 <none>
2021-11-17 21:58:56 status unpacked libtsan0:arm64 8.3.0-6
2021-11-17 21:58:56 status half-configured libtsan0:arm64 8.3.0-6
2021-11-17 21:58:56 status installed libtsan0:arm64 8.3.0-6
2021-11-17 21:58:56 configure libxkbcommon0:arm64 0.8.2-1 <none>
2021-11-17 21:58:56 status unpacked libxkbcommon0:arm64 0.8.2-1
2021-11-17 21:58:56 status half-configured libxkbcommon0:arm64 0.8.2-1
2021-11-17 21:58:56 status installed libxkbcommon0:arm64 0.8.2-1
2021-11-17 21:58:56 configure libwayland-client0:arm64 1.16.0-1 <none>
2021-11-17 21:58:56 status unpacked libwayland-client0:arm64 1.16.0-1
2021-11-17 21:58:56 status half-configured libwayland-client0:arm64 1.16.0-1
2021-11-17 21:58:56 status installed libwayland-client0:arm64 1.16.0-1
2021-11-17 21:58:56 configure libgme0:arm64 0.6.2-1 <none>
2021-11-17 21:58:56 status unpacked libgme0:arm64 0.6.2-1
2021-11-17 21:58:56 status half-configured libgme0:arm64 0.6.2-1
2021-11-17 21:58:56 status installed libgme0:arm64 0.6.2-1
2021-11-17 21:58:56 configure libksba8:arm64 1.3.5-2 <none>
2021-11-17 21:58:56 status unpacked libksba8:arm64 1.3.5-2
2021-11-17 21:58:56 status half-configured libksba8:arm64 1.3.5-2
2021-11-17 21:58:56 status installed libksba8:arm64 1.3.5-2
2021-11-17 21:58:56 configure bash:arm64 5.0-4 <none>
2021-11-17 21:58:56 status unpacked bash:arm64 5.0-4
2021-11-17 21:58:56 status half-configured bash:arm64 5.0-4
2021-11-17 21:58:57 status installed bash:arm64 5.0-4
2021-11-17 21:58:57 configure libavc1394-0:arm64 0.5.4-5 <none>
2021-11-17 21:58:57 status unpacked libavc1394-0:arm64 0.5.4-5
2021-11-17 21:58:57 status half-configured libavc1394-0:arm64 0.5.4-5
2021-11-17 21:58:57 status installed libavc1394-0:arm64 0.5.4-5
2021-11-17 21:58:57 configure libzvbi0:arm64 0.2.35-16 <none>
2021-11-17 21:58:57 status unpacked libzvbi0:arm64 0.2.35-16
2021-11-17 21:58:57 status half-configured libzvbi0:arm64 0.2.35-16
2021-11-17 21:58:57 status installed libzvbi0:arm64 0.2.35-16
2021-11-17 21:58:57 configure libxapian30:arm64 1.4.11-1 <none>
2021-11-17 21:58:57 status unpacked libxapian30:arm64 1.4.11-1
2021-11-17 21:58:57 status half-configured libxapian30:arm64 1.4.11-1
2021-11-17 21:58:57 status installed libxapian30:arm64 1.4.11-1
2021-11-17 21:58:57 configure libmodplug1:arm64 1:0.8.9.0-2 <none>
2021-11-17 21:58:57 status unpacked libmodplug1:arm64 1:0.8.9.0-2
2021-11-17 21:58:57 status half-configured libmodplug1:arm64 1:0.8.9.0-2
2021-11-17 21:58:57 status installed libmodplug1:arm64 1:0.8.9.0-2
2021-11-17 21:58:57 configure libwayland-server0:arm64 1.16.0-1 <none>
2021-11-17 21:58:57 status unpacked libwayland-server0:arm64 1.16.0-1
2021-11-17 21:58:57 status half-configured libwayland-server0:arm64 1.16.0-1
2021-11-17 21:58:57 status installed libwayland-server0:arm64 1.16.0-1
2021-11-17 21:58:57 configure libice6:arm64 2:1.0.9-2 <none>
2021-11-17 21:58:57 status unpacked libice6:arm64 2:1.0.9-2
2021-11-17 21:58:57 status half-configured libice6:arm64 2:1.0.9-2
2021-11-17 21:58:57 status installed libice6:arm64 2:1.0.9-2
2021-11-17 21:58:57 configure haveged:arm64 1.9.1-7 <none>
2021-11-17 21:58:57 status unpacked haveged:arm64 1.9.1-7
2021-11-17 21:58:57 status half-configured haveged:arm64 1.9.1-7
2021-11-17 21:59:00 status installed haveged:arm64 1.9.1-7
2021-11-17 21:59:00 configure libdw1:arm64 0.176-1.1 <none>
2021-11-17 21:59:00 status unpacked libdw1:arm64 0.176-1.1
2021-11-17 21:59:00 status half-configured libdw1:arm64 0.176-1.1
2021-11-17 21:59:00 status installed libdw1:arm64 0.176-1.1
2021-11-17 21:59:00 configure libxdmcp6:arm64 1:1.1.2-3 <none>
2021-11-17 21:59:00 status unpacked libxdmcp6:arm64 1:1.1.2-3
2021-11-17 21:59:00 status half-configured libxdmcp6:arm64 1:1.1.2-3
2021-11-17 21:59:00 status installed libxdmcp6:arm64 1:1.1.2-3
2021-11-17 21:59:00 configure libproxy1v5:arm64 0.4.15-5+deb10u1 <none>
2021-11-17 21:59:00 status unpacked libproxy1v5:arm64 0.4.15-5+deb10u1
2021-11-17 21:59:00 status half-configured libproxy1v5:arm64 0.4.15-5+deb10u1
2021-11-17 21:59:00 status installed libproxy1v5:arm64 0.4.15-5+deb10u1
2021-11-17 21:59:00 configure libpsl5:arm64 0.20.2-2 <none>
2021-11-17 21:59:00 status unpacked libpsl5:arm64 0.20.2-2
2021-11-17 21:59:00 status half-configured libpsl5:arm64 0.20.2-2
2021-11-17 21:59:00 status installed libpsl5:arm64 0.20.2-2
2021-11-17 21:59:00 configure libxcb1:arm64 1.13.1-2 <none>
2021-11-17 21:59:00 status unpacked libxcb1:arm64 1.13.1-2
2021-11-17 21:59:00 status half-configured libxcb1:arm64 1.13.1-2
2021-11-17 21:59:00 status installed libxcb1:arm64 1.13.1-2
2021-11-17 21:59:00 configure libnewt0.52:arm64 0.52.20-8 <none>
2021-11-17 21:59:00 status unpacked libnewt0.52:arm64 0.52.20-8
2021-11-17 21:59:00 status half-configured libnewt0.52:arm64 0.52.20-8
2021-11-17 21:59:00 status installed libnewt0.52:arm64 0.52.20-8
2021-11-17 21:59:00 configure libfftw3-single3:arm64 3.3.8-2 <none>
2021-11-17 21:59:00 status unpacked libfftw3-single3:arm64 3.3.8-2
2021-11-17 21:59:00 status half-configured libfftw3-single3:arm64 3.3.8-2
2021-11-17 21:59:00 status installed libfftw3-single3:arm64 3.3.8-2
2021-11-17 21:59:01 configure libxcb-xfixes0:arm64 1.13.1-2 <none>
2021-11-17 21:59:01 status unpacked libxcb-xfixes0:arm64 1.13.1-2
2021-11-17 21:59:01 status half-configured libxcb-xfixes0:arm64 1.13.1-2
2021-11-17 21:59:01 status installed libxcb-xfixes0:arm64 1.13.1-2
2021-11-17 21:59:01 configure telnet:arm64 0.17-41.2 <none>
2021-11-17 21:59:01 status unpacked telnet:arm64 0.17-41.2
2021-11-17 21:59:01 status half-configured telnet:arm64 0.17-41.2
2021-11-17 21:59:01 status installed telnet:arm64 0.17-41.2
2021-11-17 21:59:01 configure libc++abi1:arm64 1:7.0-47 <none>
2021-11-17 21:59:01 status unpacked libc++abi1:arm64 1:7.0-47
2021-11-17 21:59:01 status half-configured libc++abi1:arm64 1:7.0-47
2021-11-17 21:59:01 status installed libc++abi1:arm64 1:7.0-47
2021-11-17 21:59:01 configure bsdutils:arm64 1:2.33.1-0.1 <none>
2021-11-17 21:59:01 status unpacked bsdutils:arm64 1:2.33.1-0.1
2021-11-17 21:59:01 status half-configured bsdutils:arm64 1:2.33.1-0.1
2021-11-17 21:59:01 status installed bsdutils:arm64 1:2.33.1-0.1
2021-11-17 21:59:01 configure libxcb-render0:arm64 1.13.1-2 <none>
2021-11-17 21:59:01 status unpacked libxcb-render0:arm64 1.13.1-2
2021-11-17 21:59:01 status half-configured libxcb-render0:arm64 1.13.1-2
2021-11-17 21:59:01 status installed libxcb-render0:arm64 1.13.1-2
2021-11-17 21:59:01 configure libsoxr0:arm64 0.1.2-3 <none>
2021-11-17 21:59:01 status unpacked libsoxr0:arm64 0.1.2-3
2021-11-17 21:59:01 status half-configured libsoxr0:arm64 0.1.2-3
2021-11-17 21:59:01 status installed libsoxr0:arm64 0.1.2-3
2021-11-17 21:59:01 configure libx265-165:arm64 2.9-4 <none>
2021-11-17 21:59:01 status unpacked libx265-165:arm64 2.9-4
2021-11-17 21:59:01 status half-configured libx265-165:arm64 2.9-4
2021-11-17 21:59:01 status installed libx265-165:arm64 2.9-4
2021-11-17 21:59:01 configure libilmbase23:arm64 2.2.1-2 <none>
2021-11-17 21:59:01 status unpacked libilmbase23:arm64 2.2.1-2
2021-11-17 21:59:01 status half-configured libilmbase23:arm64 2.2.1-2
2021-11-17 21:59:01 status installed libilmbase23:arm64 2.2.1-2
2021-11-17 21:59:01 configure libsidplay1v5:arm64 1.36.59-11 <none>
2021-11-17 21:59:01 status unpacked libsidplay1v5:arm64 1.36.59-11
2021-11-17 21:59:01 status half-configured libsidplay1v5:arm64 1.36.59-11
2021-11-17 21:59:01 status installed libsidplay1v5:arm64 1.36.59-11
2021-11-17 21:59:01 configure libhogweed4:arm64 3.4.1-1 <none>
2021-11-17 21:59:01 status unpacked libhogweed4:arm64 3.4.1-1
2021-11-17 21:59:01 status half-configured libhogweed4:arm64 3.4.1-1
2021-11-17 21:59:01 status installed libhogweed4:arm64 3.4.1-1
2021-11-17 21:59:01 configure libprocps7:arm64 2:3.3.15-2 <none>
2021-11-17 21:59:01 status unpacked libprocps7:arm64 2:3.3.15-2
2021-11-17 21:59:01 status half-configured libprocps7:arm64 2:3.3.15-2
2021-11-17 21:59:01 status installed libprocps7:arm64 2:3.3.15-2
2021-11-17 21:59:01 configure libxcb-glx0:arm64 1.13.1-2 <none>
2021-11-17 21:59:01 status unpacked libxcb-glx0:arm64 1.13.1-2
2021-11-17 21:59:01 status half-configured libxcb-glx0:arm64 1.13.1-2
2021-11-17 21:59:01 status installed libxcb-glx0:arm64 1.13.1-2
2021-11-17 21:59:01 configure libwebpdemux2:arm64 0.6.1-2 <none>
2021-11-17 21:59:01 status unpacked libwebpdemux2:arm64 0.6.1-2
2021-11-17 21:59:01 status half-configured libwebpdemux2:arm64 0.6.1-2
2021-11-17 21:59:01 status installed libwebpdemux2:arm64 0.6.1-2
2021-11-17 21:59:01 configure unzip:arm64 6.0-23+deb10u2 <none>
2021-11-17 21:59:01 status unpacked unzip:arm64 6.0-23+deb10u2
2021-11-17 21:59:01 status half-configured unzip:arm64 6.0-23+deb10u2
2021-11-17 21:59:02 status installed unzip:arm64 6.0-23+deb10u2
2021-11-17 21:59:02 configure libedit2:arm64 3.1-20181209-1 <none>
2021-11-17 21:59:02 status unpacked libedit2:arm64 3.1-20181209-1
2021-11-17 21:59:02 status half-configured libedit2:arm64 3.1-20181209-1
2021-11-17 21:59:02 status installed libedit2:arm64 3.1-20181209-1
2021-11-17 21:59:02 configure ncurses-bin:arm64 6.1+20181013-2+deb10u2 <none>
2021-11-17 21:59:02 status unpacked ncurses-bin:arm64 6.1+20181013-2+deb10u2
2021-11-17 21:59:02 status half-configured ncurses-bin:arm64 6.1+20181013-2+deb10u2
2021-11-17 21:59:02 status installed ncurses-bin:arm64 6.1+20181013-2+deb10u2
2021-11-17 21:59:02 configure wireless-tools:arm64 30~pre9-13 <none>
2021-11-17 21:59:02 status unpacked wireless-tools:arm64 30~pre9-13
2021-11-17 21:59:02 status half-configured wireless-tools:arm64 30~pre9-13
2021-11-17 21:59:02 status installed wireless-tools:arm64 30~pre9-13
2021-11-17 21:59:02 configure libacl1:arm64 2.2.53-4 <none>
2021-11-17 21:59:02 status unpacked libacl1:arm64 2.2.53-4
2021-11-17 21:59:02 status half-configured libacl1:arm64 2.2.53-4
2021-11-17 21:59:02 status installed libacl1:arm64 2.2.53-4
2021-11-17 21:59:02 configure libxcb-shape0:arm64 1.13.1-2 <none>
2021-11-17 21:59:02 status unpacked libxcb-shape0:arm64 1.13.1-2
2021-11-17 21:59:02 status half-configured libxcb-shape0:arm64 1.13.1-2
2021-11-17 21:59:02 status installed libxcb-shape0:arm64 1.13.1-2
2021-11-17 21:59:02 configure libavahi-common3:arm64 0.7-4+deb10u1 <none>
2021-11-17 21:59:02 status unpacked libavahi-common3:arm64 0.7-4+deb10u1
2021-11-17 21:59:02 status half-configured libavahi-common3:arm64 0.7-4+deb10u1
2021-11-17 21:59:02 status installed libavahi-common3:arm64 0.7-4+deb10u1
2021-11-17 21:59:02 configure libedgetpu1-std:arm64 16.0 <none>
2021-11-17 21:59:02 status unpacked libedgetpu1-std:arm64 16.0
2021-11-17 21:59:02 status half-configured libedgetpu1-std:arm64 16.0
2021-11-17 21:59:02 status installed libedgetpu1-std:arm64 16.0
2021-11-17 21:59:02 configure libmagic1:arm64 1:5.35-4+deb10u2 <none>
2021-11-17 21:59:02 status unpacked libmagic1:arm64 1:5.35-4+deb10u2
2021-11-17 21:59:02 status half-configured libmagic1:arm64 1:5.35-4+deb10u2
2021-11-17 21:59:02 status installed libmagic1:arm64 1:5.35-4+deb10u2
2021-11-17 21:59:02 configure libdc1394-22:arm64 2.2.5-1 <none>
2021-11-17 21:59:02 status unpacked libdc1394-22:arm64 2.2.5-1
2021-11-17 21:59:02 status half-configured libdc1394-22:arm64 2.2.5-1
2021-11-17 21:59:02 status installed libdc1394-22:arm64 2.2.5-1
2021-11-17 21:59:02 configure less:arm64 487-0.1+b1 <none>
2021-11-17 21:59:02 status unpacked less:arm64 487-0.1+b1
2021-11-17 21:59:02 status half-configured less:arm64 487-0.1+b1
2021-11-17 21:59:04 status installed less:arm64 487-0.1+b1
2021-11-17 21:59:04 configure libwebrtc-audio-processing1:arm64 0.3-1 <none>
2021-11-17 21:59:04 status unpacked libwebrtc-audio-processing1:arm64 0.3-1
2021-11-17 21:59:04 status half-configured libwebrtc-audio-processing1:arm64 0.3-1
2021-11-17 21:59:04 status installed libwebrtc-audio-processing1:arm64 0.3-1
2021-11-17 21:59:04 configure imx-vpuwrap:arm64 4.4.5-mendel5 <none>
2021-11-17 21:59:04 status unpacked imx-vpuwrap:arm64 4.4.5-mendel5
2021-11-17 21:59:04 status half-configured imx-vpuwrap:arm64 4.4.5-mendel5
2021-11-17 21:59:04 status installed imx-vpuwrap:arm64 4.4.5-mendel5
2021-11-17 21:59:04 configure binutils-aarch64-linux-gnu:arm64 2.31.1-16 <none>
2021-11-17 21:59:04 status unpacked binutils-aarch64-linux-gnu:arm64 2.31.1-16
2021-11-17 21:59:04 status half-configured binutils-aarch64-linux-gnu:arm64 2.31.1-16
2021-11-17 21:59:04 status installed binutils-aarch64-linux-gnu:arm64 2.31.1-16
2021-11-17 21:59:04 configure libnftnl11:arm64 1.1.2-2 <none>
2021-11-17 21:59:04 status unpacked libnftnl11:arm64 1.1.2-2
2021-11-17 21:59:04 status half-configured libnftnl11:arm64 1.1.2-2
2021-11-17 21:59:04 status installed libnftnl11:arm64 1.1.2-2
2021-11-17 21:59:04 configure libc++1-7:arm64 1:7.0.1-8+deb10u2 <none>
2021-11-17 21:59:04 status unpacked libc++1-7:arm64 1:7.0.1-8+deb10u2
2021-11-17 21:59:04 status half-configured libc++1-7:arm64 1:7.0.1-8+deb10u2
2021-11-17 21:59:04 status installed libc++1-7:arm64 1:7.0.1-8+deb10u2
2021-11-17 21:59:04 configure e2fsprogs:arm64 1.44.5-1+deb10u3 <none>
2021-11-17 21:59:04 status unpacked e2fsprogs:arm64 1.44.5-1+deb10u3
2021-11-17 21:59:04 status half-configured e2fsprogs:arm64 1.44.5-1+deb10u3
2021-11-17 21:59:04 status installed e2fsprogs:arm64 1.44.5-1+deb10u3
2021-11-17 21:59:04 configure libopenexr23:arm64 2.2.1-4.1+deb10u1 <none>
2021-11-17 21:59:04 status unpacked libopenexr23:arm64 2.2.1-4.1+deb10u1
2021-11-17 21:59:04 status half-configured libopenexr23:arm64 2.2.1-4.1+deb10u1
2021-11-17 21:59:04 status installed libopenexr23:arm64 2.2.1-4.1+deb10u1
2021-11-17 21:59:04 configure libxcb-shm0:arm64 1.13.1-2 <none>
2021-11-17 21:59:04 status unpacked libxcb-shm0:arm64 1.13.1-2
2021-11-17 21:59:04 status half-configured libxcb-shm0:arm64 1.13.1-2
2021-11-17 21:59:04 status installed libxcb-shm0:arm64 1.13.1-2
2021-11-17 21:59:04 configure binutils:arm64 2.31.1-16 <none>
2021-11-17 21:59:04 status unpacked binutils:arm64 2.31.1-16
2021-11-17 21:59:04 status half-configured binutils:arm64 2.31.1-16
2021-11-17 21:59:04 status installed binutils:arm64 2.31.1-16
2021-11-17 21:59:04 configure file:arm64 1:5.35-4+deb10u2 <none>
2021-11-17 21:59:04 status unpacked file:arm64 1:5.35-4+deb10u2
2021-11-17 21:59:04 status half-configured file:arm64 1:5.35-4+deb10u2
2021-11-17 21:59:04 status installed file:arm64 1:5.35-4+deb10u2
2021-11-17 21:59:04 configure bzip2:arm64 1.0.6-9.2~deb10u1 <none>
2021-11-17 21:59:04 status unpacked bzip2:arm64 1.0.6-9.2~deb10u1
2021-11-17 21:59:04 status half-configured bzip2:arm64 1.0.6-9.2~deb10u1
2021-11-17 21:59:04 status installed bzip2:arm64 1.0.6-9.2~deb10u1
2021-11-17 21:59:04 configure libicu63:arm64 63.1-6+deb10u1 <none>
2021-11-17 21:59:04 status unpacked libicu63:arm64 63.1-6+deb10u1
2021-11-17 21:59:04 status half-configured libicu63:arm64 63.1-6+deb10u1
2021-11-17 21:59:04 status installed libicu63:arm64 63.1-6+deb10u1
2021-11-17 21:59:04 configure libspandsp2:arm64 0.0.6+dfsg-2 <none>
2021-11-17 21:59:04 status unpacked libspandsp2:arm64 0.0.6+dfsg-2
2021-11-17 21:59:04 status half-configured libspandsp2:arm64 0.0.6+dfsg-2
2021-11-17 21:59:04 status installed libspandsp2:arm64 0.0.6+dfsg-2
2021-11-17 21:59:04 configure libsnappy1v5:arm64 1.1.7-1 <none>
2021-11-17 21:59:04 status unpacked libsnappy1v5:arm64 1.1.7-1
2021-11-17 21:59:04 status half-configured libsnappy1v5:arm64 1.1.7-1
2021-11-17 21:59:04 status installed libsnappy1v5:arm64 1.1.7-1
2021-11-17 21:59:04 configure libxcb-xkb1:arm64 1.13.1-2 <none>
2021-11-17 21:59:04 status unpacked libxcb-xkb1:arm64 1.13.1-2
2021-11-17 21:59:04 status half-configured libxcb-xkb1:arm64 1.13.1-2
2021-11-17 21:59:04 status installed libxcb-xkb1:arm64 1.13.1-2
2021-11-17 21:59:04 configure libnl-route-3-200:arm64 3.4.0-1 <none>
2021-11-17 21:59:04 status unpacked libnl-route-3-200:arm64 3.4.0-1
2021-11-17 21:59:04 status half-configured libnl-route-3-200:arm64 3.4.0-1
2021-11-17 21:59:04 status installed libnl-route-3-200:arm64 3.4.0-1
2021-11-17 21:59:04 configure libsasl2-modules-db:arm64 2.1.27+dfsg-1+deb10u1 <none>
2021-11-17 21:59:04 status unpacked libsasl2-modules-db:arm64 2.1.27+dfsg-1+deb10u1
2021-11-17 21:59:04 status half-configured libsasl2-modules-db:arm64 2.1.27+dfsg-1+deb10u1
2021-11-17 21:59:04 status installed libsasl2-modules-db:arm64 2.1.27+dfsg-1+deb10u1
2021-11-17 21:59:04 configure libxcb-present0:arm64 1.13.1-2 <none>
2021-11-17 21:59:04 status unpacked libxcb-present0:arm64 1.13.1-2
2021-11-17 21:59:04 status half-configured libxcb-present0:arm64 1.13.1-2
2021-11-17 21:59:04 status installed libxcb-present0:arm64 1.13.1-2
2021-11-17 21:59:04 configure libv4l-0:arm64 1.16.3-3 <none>
2021-11-17 21:59:04 status unpacked libv4l-0:arm64 1.16.3-3
2021-11-17 21:59:04 status half-configured libv4l-0:arm64 1.16.3-3
2021-11-17 21:59:04 status installed libv4l-0:arm64 1.16.3-3
2021-11-17 21:59:04 configure libselinux1:arm64 2.8-1+b1 <none>
2021-11-17 21:59:04 status unpacked libselinux1:arm64 2.8-1+b1
2021-11-17 21:59:04 status half-configured libselinux1:arm64 2.8-1+b1
2021-11-17 21:59:04 status installed libselinux1:arm64 2.8-1+b1
2021-11-17 21:59:04 configure libthai0:arm64 0.1.28-2 <none>
2021-11-17 21:59:04 status unpacked libthai0:arm64 0.1.28-2
2021-11-17 21:59:04 status half-configured libthai0:arm64 0.1.28-2
2021-11-17 21:59:04 status installed libthai0:arm64 0.1.28-2
2021-11-17 21:59:04 configure libvorbisfile3:arm64 1.3.6-2 <none>
2021-11-17 21:59:04 status unpacked libvorbisfile3:arm64 1.3.6-2
2021-11-17 21:59:04 status half-configured libvorbisfile3:arm64 1.3.6-2
2021-11-17 21:59:04 status installed libvorbisfile3:arm64 1.3.6-2
2021-11-17 21:59:04 configure libasan5:arm64 8.3.0-6 <none>
2021-11-17 21:59:04 status unpacked libasan5:arm64 8.3.0-6
2021-11-17 21:59:04 status half-configured libasan5:arm64 8.3.0-6
2021-11-17 21:59:04 status installed libasan5:arm64 8.3.0-6
2021-11-17 21:59:04 configure libblas3:arm64 3.8.0-2 <none>
2021-11-17 21:59:04 status unpacked libblas3:arm64 3.8.0-2
2021-11-17 21:59:04 status half-configured libblas3:arm64 3.8.0-2
2021-11-17 21:59:05 status installed libblas3:arm64 3.8.0-2
2021-11-17 21:59:05 configure libsoundtouch1:arm64 2.1.2+ds1-1 <none>
2021-11-17 21:59:05 status unpacked libsoundtouch1:arm64 2.1.2+ds1-1
2021-11-17 21:59:05 status half-configured libsoundtouch1:arm64 2.1.2+ds1-1
2021-11-17 21:59:05 status installed libsoundtouch1:arm64 2.1.2+ds1-1
2021-11-17 21:59:05 configure libgnutls30:arm64 3.6.7-4+deb10u6 <none>
2021-11-17 21:59:05 status unpacked libgnutls30:arm64 3.6.7-4+deb10u6
2021-11-17 21:59:05 status half-configured libgnutls30:arm64 3.6.7-4+deb10u6
2021-11-17 21:59:05 status installed libgnutls30:arm64 3.6.7-4+deb10u6
2021-11-17 21:59:05 configure libfreetype6:arm64 2.9.1-3+deb10u2 <none>
2021-11-17 21:59:05 status unpacked libfreetype6:arm64 2.9.1-3+deb10u2
2021-11-17 21:59:05 status half-configured libfreetype6:arm64 2.9.1-3+deb10u2
2021-11-17 21:59:05 status installed libfreetype6:arm64 2.9.1-3+deb10u2
2021-11-17 21:59:05 configure libmpfr6:arm64 4.0.2-1 <none>
2021-11-17 21:59:05 status unpacked libmpfr6:arm64 4.0.2-1
2021-11-17 21:59:05 status half-configured libmpfr6:arm64 4.0.2-1
2021-11-17 21:59:05 status installed libmpfr6:arm64 4.0.2-1
2021-11-17 21:59:05 configure libxcb-sync1:arm64 1.13.1-2 <none>
2021-11-17 21:59:05 status unpacked libxcb-sync1:arm64 1.13.1-2
2021-11-17 21:59:05 status half-configured libxcb-sync1:arm64 1.13.1-2
2021-11-17 21:59:05 status installed libxcb-sync1:arm64 1.13.1-2
2021-11-17 21:59:05 configure librtmp1:arm64 2.4+20151223.gitfa8646d.1-2 <none>
2021-11-17 21:59:05 status unpacked librtmp1:arm64 2.4+20151223.gitfa8646d.1-2
2021-11-17 21:59:05 status half-configured librtmp1:arm64 2.4+20151223.gitfa8646d.1-2
2021-11-17 21:59:05 status installed librtmp1:arm64 2.4+20151223.gitfa8646d.1-2
2021-11-17 21:59:05 configure libsigc++-2.0-0v5:arm64 2.10.1-2 <none>
2021-11-17 21:59:05 status unpacked libsigc++-2.0-0v5:arm64 2.10.1-2
2021-11-17 21:59:05 status half-configured libsigc++-2.0-0v5:arm64 2.10.1-2
2021-11-17 21:59:05 status installed libsigc++-2.0-0v5:arm64 2.10.1-2
2021-11-17 21:59:05 configure libteamdctl0:arm64 1.28-1 <none>
2021-11-17 21:59:05 status unpacked libteamdctl0:arm64 1.28-1
2021-11-17 21:59:05 status half-configured libteamdctl0:arm64 1.28-1
2021-11-17 21:59:05 status installed libteamdctl0:arm64 1.28-1
2021-11-17 21:59:05 configure libncurses6:arm64 6.1+20181013-2+deb10u2 <none>
2021-11-17 21:59:05 status unpacked libncurses6:arm64 6.1+20181013-2+deb10u2
2021-11-17 21:59:05 status half-configured libncurses6:arm64 6.1+20181013-2+deb10u2
2021-11-17 21:59:05 status installed libncurses6:arm64 6.1+20181013-2+deb10u2
2021-11-17 21:59:05 configure sed:arm64 4.7-1 <none>
2021-11-17 21:59:05 status unpacked sed:arm64 4.7-1
2021-11-17 21:59:05 status half-configured sed:arm64 4.7-1
2021-11-17 21:59:05 status installed sed:arm64 4.7-1
2021-11-17 21:59:05 configure bsdmainutils:arm64 11.1.2+b1 <none>
2021-11-17 21:59:05 status unpacked bsdmainutils:arm64 11.1.2+b1
2021-11-17 21:59:05 status half-configured bsdmainutils:arm64 11.1.2+b1
2021-11-17 21:59:05 status installed bsdmainutils:arm64 11.1.2+b1
2021-11-17 21:59:05 configure libmpc3:arm64 1.1.0-1 <none>
2021-11-17 21:59:05 status unpacked libmpc3:arm64 1.1.0-1
2021-11-17 21:59:05 status half-configured libmpc3:arm64 1.1.0-1
2021-11-17 21:59:05 status installed libmpc3:arm64 1.1.0-1
2021-11-17 21:59:05 configure libgdbm-compat4:arm64 1.18.1-4 <none>
2021-11-17 21:59:05 status unpacked libgdbm-compat4:arm64 1.18.1-4
2021-11-17 21:59:05 status half-configured libgdbm-compat4:arm64 1.18.1-4
2021-11-17 21:59:05 status installed libgdbm-compat4:arm64 1.18.1-4
2021-11-17 21:59:05 configure libboost-iostreams1.67.0:arm64 1.67.0-13+deb10u1 <none>
2021-11-17 21:59:05 status unpacked libboost-iostreams1.67.0:arm64 1.67.0-13+deb10u1
2021-11-17 21:59:05 status half-configured libboost-iostreams1.67.0:arm64 1.67.0-13+deb10u1
2021-11-17 21:59:05 status installed libboost-iostreams1.67.0:arm64 1.67.0-13+deb10u1
2021-11-17 21:59:05 configure libncursesw6:arm64 6.1+20181013-2+deb10u2 <none>
2021-11-17 21:59:05 status unpacked libncursesw6:arm64 6.1+20181013-2+deb10u2
2021-11-17 21:59:05 status half-configured libncursesw6:arm64 6.1+20181013-2+deb10u2
2021-11-17 21:59:05 status installed libncursesw6:arm64 6.1+20181013-2+deb10u2
2021-11-17 21:59:05 configure libofa0:arm64 0.9.3-19 <none>
2021-11-17 21:59:05 status unpacked libofa0:arm64 0.9.3-19
2021-11-17 21:59:05 status half-configured libofa0:arm64 0.9.3-19
2021-11-17 21:59:05 status installed libofa0:arm64 0.9.3-19
2021-11-17 21:59:05 configure libsasl2-2:arm64 2.1.27+dfsg-1+deb10u1 <none>
2021-11-17 21:59:05 status unpacked libsasl2-2:arm64 2.1.27+dfsg-1+deb10u1
2021-11-17 21:59:05 status half-configured libsasl2-2:arm64 2.1.27+dfsg-1+deb10u1
2021-11-17 21:59:05 status installed libsasl2-2:arm64 2.1.27+dfsg-1+deb10u1
2021-11-17 21:59:05 configure lsof:arm64 4.91+dfsg-1 <none>
2021-11-17 21:59:05 status unpacked lsof:arm64 4.91+dfsg-1
2021-11-17 21:59:05 status half-configured lsof:arm64 4.91+dfsg-1
2021-11-17 21:59:05 status installed lsof:arm64 4.91+dfsg-1
2021-11-17 21:59:05 configure libfdisk1:arm64 2.33.1-0.1 <none>
2021-11-17 21:59:05 status unpacked libfdisk1:arm64 2.33.1-0.1
2021-11-17 21:59:05 status half-configured libfdisk1:arm64 2.33.1-0.1
2021-11-17 21:59:05 status installed libfdisk1:arm64 2.33.1-0.1
2021-11-17 21:59:05 configure libubsan1:arm64 8.3.0-6 <none>
2021-11-17 21:59:05 status unpacked libubsan1:arm64 8.3.0-6
2021-11-17 21:59:05 status half-configured libubsan1:arm64 8.3.0-6
2021-11-17 21:59:05 status installed libubsan1:arm64 8.3.0-6
2021-11-17 21:59:05 configure libsndio7.0:arm64 1.5.0-3 <none>
2021-11-17 21:59:05 status unpacked libsndio7.0:arm64 1.5.0-3
2021-11-17 21:59:05 status half-configured libsndio7.0:arm64 1.5.0-3
2021-11-17 21:59:05 status installed libsndio7.0:arm64 1.5.0-3
2021-11-17 21:59:05 configure libxcb-dri2-0:arm64 1.13.1-2 <none>
2021-11-17 21:59:05 status unpacked libxcb-dri2-0:arm64 1.13.1-2
2021-11-17 21:59:05 status half-configured libxcb-dri2-0:arm64 1.13.1-2
2021-11-17 21:59:05 status installed libxcb-dri2-0:arm64 1.13.1-2
2021-11-17 21:59:05 configure nano:arm64 3.2-3 <none>
2021-11-17 21:59:05 status unpacked nano:arm64 3.2-3
2021-11-17 21:59:05 status half-configured nano:arm64 3.2-3
2021-11-17 21:59:05 status installed nano:arm64 3.2-3
2021-11-17 21:59:05 configure libjack-jackd2-0:arm64 1.9.12~dfsg-2 <none>
2021-11-17 21:59:05 status unpacked libjack-jackd2-0:arm64 1.9.12~dfsg-2
2021-11-17 21:59:06 status half-configured libjack-jackd2-0:arm64 1.9.12~dfsg-2
2021-11-17 21:59:06 status installed libjack-jackd2-0:arm64 1.9.12~dfsg-2
2021-11-17 21:59:06 configure libdrm2:arm64 2.4.97-1 <none>
2021-11-17 21:59:06 status unpacked libdrm2:arm64 2.4.97-1
2021-11-17 21:59:06 status half-configured libdrm2:arm64 2.4.97-1
2021-11-17 21:59:06 status installed libdrm2:arm64 2.4.97-1
2021-11-17 21:59:06 configure whiptail:arm64 0.52.20-8 <none>
2021-11-17 21:59:06 status unpacked whiptail:arm64 0.52.20-8
2021-11-17 21:59:06 status half-configured whiptail:arm64 0.52.20-8
2021-11-17 21:59:06 status installed whiptail:arm64 0.52.20-8
2021-11-17 21:59:06 configure libxcb-composite0:arm64 1.13.1-2 <none>
2021-11-17 21:59:06 status unpacked libxcb-composite0:arm64 1.13.1-2
2021-11-17 21:59:06 status half-configured libxcb-composite0:arm64 1.13.1-2
2021-11-17 21:59:06 status installed libxcb-composite0:arm64 1.13.1-2
2021-11-17 21:59:06 configure libflite1:arm64 2.1-release-3 <none>
2021-11-17 21:59:06 status unpacked libflite1:arm64 2.1-release-3
2021-11-17 21:59:06 status half-configured libflite1:arm64 2.1-release-3
2021-11-17 21:59:06 status installed libflite1:arm64 2.1-release-3
2021-11-17 21:59:06 configure findutils:arm64 4.6.0+git+20190209-2 <none>
2021-11-17 21:59:06 status unpacked findutils:arm64 4.6.0+git+20190209-2
2021-11-17 21:59:06 status half-configured findutils:arm64 4.6.0+git+20190209-2
2021-11-17 21:59:06 status installed findutils:arm64 4.6.0+git+20190209-2
2021-11-17 21:59:06 configure libva-drm2:arm64 2.4.0-1 <none>
2021-11-17 21:59:06 status unpacked libva-drm2:arm64 2.4.0-1
2021-11-17 21:59:06 status half-configured libva-drm2:arm64 2.4.0-1
2021-11-17 21:59:06 status installed libva-drm2:arm64 2.4.0-1
2021-11-17 21:59:06 configure libnetfilter-conntrack3:arm64 1.0.7-1 <none>
2021-11-17 21:59:06 status unpacked libnetfilter-conntrack3:arm64 1.0.7-1
2021-11-17 21:59:06 status half-configured libnetfilter-conntrack3:arm64 1.0.7-1
2021-11-17 21:59:06 status installed libnetfilter-conntrack3:arm64 1.0.7-1
2021-11-17 21:59:06 configure gpgv:arm64 2.2.12-1+deb10u1 <none>
2021-11-17 21:59:06 status unpacked gpgv:arm64 2.2.12-1+deb10u1
2021-11-17 21:59:06 status half-configured gpgv:arm64 2.2.12-1+deb10u1
2021-11-17 21:59:06 status installed gpgv:arm64 2.2.12-1+deb10u1
2021-11-17 21:59:06 configure libmount1:arm64 2.33.1-0.1 <none>
2021-11-17 21:59:06 status unpacked libmount1:arm64 2.33.1-0.1
2021-11-17 21:59:06 status half-configured libmount1:arm64 2.33.1-0.1
2021-11-17 21:59:06 status installed libmount1:arm64 2.33.1-0.1
2021-11-17 21:59:06 configure libwayland-cursor0:arm64 1.16.0-1 <none>
2021-11-17 21:59:06 status unpacked libwayland-cursor0:arm64 1.16.0-1
2021-11-17 21:59:06 status half-configured libwayland-cursor0:arm64 1.16.0-1
2021-11-17 21:59:06 status installed libwayland-cursor0:arm64 1.16.0-1
2021-11-17 21:59:06 configure libbs2b0:arm64 3.1.0+dfsg-2.2 <none>
2021-11-17 21:59:06 status unpacked libbs2b0:arm64 3.1.0+dfsg-2.2
2021-11-17 21:59:06 status half-configured libbs2b0:arm64 3.1.0+dfsg-2.2
2021-11-17 21:59:06 status installed libbs2b0:arm64 3.1.0+dfsg-2.2
2021-11-17 21:59:06 configure libuchardet0:arm64 0.0.6-3 <none>
2021-11-17 21:59:06 status unpacked libuchardet0:arm64 0.0.6-3
2021-11-17 21:59:06 status half-configured libuchardet0:arm64 0.0.6-3
2021-11-17 21:59:06 status installed libuchardet0:arm64 0.0.6-3
2021-11-17 21:59:06 configure libnl-genl-3-200:arm64 3.4.0-1 <none>
2021-11-17 21:59:06 status unpacked libnl-genl-3-200:arm64 3.4.0-1
2021-11-17 21:59:06 status half-configured libnl-genl-3-200:arm64 3.4.0-1
2021-11-17 21:59:06 status installed libnl-genl-3-200:arm64 3.4.0-1
2021-11-17 21:59:06 configure libdrm-vivante:arm64 2.4.84+imx-mendel3 <none>
2021-11-17 21:59:06 status unpacked libdrm-vivante:arm64 2.4.84+imx-mendel3
2021-11-17 21:59:06 status half-configured libdrm-vivante:arm64 2.4.84+imx-mendel3
2021-11-17 21:59:06 status installed libdrm-vivante:arm64 2.4.84+imx-mendel3
2021-11-17 21:59:06 configure libllvm7:arm64 1:7.0.1-8+deb10u2 <none>
2021-11-17 21:59:06 status unpacked libllvm7:arm64 1:7.0.1-8+deb10u2
2021-11-17 21:59:06 status half-configured libllvm7:arm64 1:7.0.1-8+deb10u2
2021-11-17 21:59:06 status installed libllvm7:arm64 1:7.0.1-8+deb10u2
2021-11-17 21:59:06 configure libc6-dev:arm64 2.28-10 <none>
2021-11-17 21:59:06 status unpacked libc6-dev:arm64 2.28-10
2021-11-17 21:59:06 status half-configured libc6-dev:arm64 2.28-10
2021-11-17 21:59:06 status installed libc6-dev:arm64 2.28-10
2021-11-17 21:59:06 configure libx11-6:arm64 2:1.6.7-1+deb10u1 <none>
2021-11-17 21:59:06 status unpacked libx11-6:arm64 2:1.6.7-1+deb10u1
2021-11-17 21:59:06 status half-configured libx11-6:arm64 2:1.6.7-1+deb10u1
2021-11-17 21:59:06 status installed libx11-6:arm64 2:1.6.7-1+deb10u1
2021-11-17 21:59:06 configure isc-dhcp-common:arm64 4.4.1-2 <none>
2021-11-17 21:59:06 status unpacked isc-dhcp-common:arm64 4.4.1-2
2021-11-17 21:59:06 status half-configured isc-dhcp-common:arm64 4.4.1-2
2021-11-17 21:59:06 status installed isc-dhcp-common:arm64 4.4.1-2
2021-11-17 21:59:06 configure libprotobuf17:arm64 3.6.1.3-2 <none>
2021-11-17 21:59:06 status unpacked libprotobuf17:arm64 3.6.1.3-2
2021-11-17 21:59:06 status half-configured libprotobuf17:arm64 3.6.1.3-2
2021-11-17 21:59:06 status installed libprotobuf17:arm64 3.6.1.3-2
2021-11-17 21:59:06 configure libsndfile1:arm64 1.0.28-6 <none>
2021-11-17 21:59:06 status unpacked libsndfile1:arm64 1.0.28-6
2021-11-17 21:59:06 status half-configured libsndfile1:arm64 1.0.28-6
2021-11-17 21:59:06 status installed libsndfile1:arm64 1.0.28-6
2021-11-17 21:59:06 configure libxkbfile1:arm64 1:1.0.9-2+b11 <none>
2021-11-17 21:59:06 status unpacked libxkbfile1:arm64 1:1.0.9-2+b11
2021-11-17 21:59:06 status half-configured libxkbfile1:arm64 1:1.0.9-2+b11
2021-11-17 21:59:06 status installed libxkbfile1:arm64 1:1.0.9-2+b11
2021-11-17 21:59:06 configure libboost-system1.67.0:arm64 1.67.0-13+deb10u1 <none>
2021-11-17 21:59:06 status unpacked libboost-system1.67.0:arm64 1.67.0-13+deb10u1
2021-11-17 21:59:06 status half-configured libboost-system1.67.0:arm64 1.67.0-13+deb10u1
2021-11-17 21:59:06 status installed libboost-system1.67.0:arm64 1.67.0-13+deb10u1
2021-11-17 21:59:06 configure cpp-8:arm64 8.3.0-6 <none>
2021-11-17 21:59:06 status unpacked cpp-8:arm64 8.3.0-6
2021-11-17 21:59:06 status half-configured cpp-8:arm64 8.3.0-6
2021-11-17 21:59:06 status installed cpp-8:arm64 8.3.0-6
2021-11-17 21:59:06 configure libde265-0:arm64 1.0.3-1+b1 <none>
2021-11-17 21:59:06 status unpacked libde265-0:arm64 1.0.3-1+b1
2021-11-17 21:59:06 status half-configured libde265-0:arm64 1.0.3-1+b1
2021-11-17 21:59:06 status installed libde265-0:arm64 1.0.3-1+b1
2021-11-17 21:59:06 configure libapt-pkg5.0:arm64 1.8.2.2 <none>
2021-11-17 21:59:06 status unpacked libapt-pkg5.0:arm64 1.8.2.2
2021-11-17 21:59:06 status half-configured libapt-pkg5.0:arm64 1.8.2.2
2021-11-17 21:59:06 status installed libapt-pkg5.0:arm64 1.8.2.2
2021-11-17 21:59:06 configure libsemanage1:arm64 2.8-2 <none>
2021-11-17 21:59:06 status unpacked libsemanage1:arm64 2.8-2
2021-11-17 21:59:06 status half-configured libsemanage1:arm64 2.8-2
2021-11-17 21:59:06 status installed libsemanage1:arm64 2.8-2
2021-11-17 21:59:06 configure libavahi-core7:arm64 0.7-4+deb10u1 <none>
2021-11-17 21:59:06 status unpacked libavahi-core7:arm64 0.7-4+deb10u1
2021-11-17 21:59:06 status half-configured libavahi-core7:arm64 0.7-4+deb10u1
2021-11-17 21:59:06 status installed libavahi-core7:arm64 0.7-4+deb10u1
2021-11-17 21:59:06 configure libxcomposite1:arm64 1:0.4.4-2 <none>
2021-11-17 21:59:06 status unpacked libxcomposite1:arm64 1:0.4.4-2
2021-11-17 21:59:06 status half-configured libxcomposite1:arm64 1:0.4.4-2
2021-11-17 21:59:06 status installed libxcomposite1:arm64 1:0.4.4-2
2021-11-17 21:59:06 configure libsm6:arm64 2:1.2.3-1 <none>
2021-11-17 21:59:06 status unpacked libsm6:arm64 2:1.2.3-1
2021-11-17 21:59:06 status half-configured libsm6:arm64 2:1.2.3-1
2021-11-17 21:59:06 status installed libsm6:arm64 2:1.2.3-1
2021-11-17 21:59:06 configure libxfont2:arm64 1:2.0.3-1 <none>
2021-11-17 21:59:06 status unpacked libxfont2:arm64 1:2.0.3-1
2021-11-17 21:59:06 status half-configured libxfont2:arm64 1:2.0.3-1
2021-11-17 21:59:06 status installed libxfont2:arm64 1:2.0.3-1
2021-11-17 21:59:06 configure libxml2:arm64 2.9.4+dfsg1-7+deb10u1 <none>
2021-11-17 21:59:06 status unpacked libxml2:arm64 2.9.4+dfsg1-7+deb10u1
2021-11-17 21:59:06 status half-configured libxml2:arm64 2.9.4+dfsg1-7+deb10u1
2021-11-17 21:59:06 status installed libxml2:arm64 2.9.4+dfsg1-7+deb10u1
2021-11-17 21:59:06 configure libopenmpt0:arm64 0.4.3-1+deb10u1 <none>
2021-11-17 21:59:06 status unpacked libopenmpt0:arm64 0.4.3-1+deb10u1
2021-11-17 21:59:06 status half-configured libopenmpt0:arm64 0.4.3-1+deb10u1
2021-11-17 21:59:06 status installed libopenmpt0:arm64 0.4.3-1+deb10u1
2021-11-17 21:59:06 configure libavahi-client3:arm64 0.7-4+deb10u1 <none>
2021-11-17 21:59:06 status unpacked libavahi-client3:arm64 0.7-4+deb10u1
2021-11-17 21:59:07 status half-configured libavahi-client3:arm64 0.7-4+deb10u1
2021-11-17 21:59:07 status installed libavahi-client3:arm64 0.7-4+deb10u1
2021-11-17 21:59:07 configure libcc1-0:arm64 8.3.0-6 <none>
2021-11-17 21:59:07 status unpacked libcc1-0:arm64 8.3.0-6
2021-11-17 21:59:07 status half-configured libcc1-0:arm64 8.3.0-6
2021-11-17 21:59:07 status installed libcc1-0:arm64 8.3.0-6
2021-11-17 21:59:07 configure libaa1:arm64 1.4p5-46 <none>
2021-11-17 21:59:07 status unpacked libaa1:arm64 1.4p5-46
2021-11-17 21:59:07 status half-configured libaa1:arm64 1.4p5-46
2021-11-17 21:59:07 status installed libaa1:arm64 1.4p5-46
2021-11-17 21:59:07 configure libdrm-amdgpu1:arm64 2.4.97-1 <none>
2021-11-17 21:59:07 status unpacked libdrm-amdgpu1:arm64 2.4.97-1
2021-11-17 21:59:07 status half-configured libdrm-amdgpu1:arm64 2.4.97-1
2021-11-17 21:59:07 status installed libdrm-amdgpu1:arm64 2.4.97-1
2021-11-17 21:59:07 configure pinentry-curses:arm64 1.1.0-2 <none>
2021-11-17 21:59:07 status unpacked pinentry-curses:arm64 1.1.0-2
2021-11-17 21:59:07 status half-configured pinentry-curses:arm64 1.1.0-2
2021-11-17 21:59:07 status installed pinentry-curses:arm64 1.1.0-2
2021-11-17 21:59:07 configure libxcb-dri3-0:arm64 1.13.1-2 <none>
2021-11-17 21:59:07 status unpacked libxcb-dri3-0:arm64 1.13.1-2
2021-11-17 21:59:07 status half-configured libxcb-dri3-0:arm64 1.13.1-2
2021-11-17 21:59:07 status installed libxcb-dri3-0:arm64 1.13.1-2
2021-11-17 21:59:07 configure libcwidget3v5:arm64 0.5.17-11 <none>
2021-11-17 21:59:07 status unpacked libcwidget3v5:arm64 0.5.17-11
2021-11-17 21:59:07 status half-configured libcwidget3v5:arm64 0.5.17-11
2021-11-17 21:59:07 status installed libcwidget3v5:arm64 0.5.17-11
2021-11-17 21:59:07 configure net-tools:arm64 1.60+git20180626.aebd88e-1 <none>
2021-11-17 21:59:07 status unpacked net-tools:arm64 1.60+git20180626.aebd88e-1
2021-11-17 21:59:07 status half-configured net-tools:arm64 1.60+git20180626.aebd88e-1
2021-11-17 21:59:07 status installed net-tools:arm64 1.60+git20180626.aebd88e-1
2021-11-17 21:59:07 configure liblapack3:arm64 3.8.0-2 <none>
2021-11-17 21:59:07 status unpacked liblapack3:arm64 3.8.0-2
2021-11-17 21:59:07 status half-configured liblapack3:arm64 3.8.0-2
2021-11-17 21:59:07 status installed liblapack3:arm64 3.8.0-2
2021-11-17 21:59:07 configure libdrm-nouveau2:arm64 2.4.97-1 <none>
2021-11-17 21:59:07 status unpacked libdrm-nouveau2:arm64 2.4.97-1
2021-11-17 21:59:07 status half-configured libdrm-nouveau2:arm64 2.4.97-1
2021-11-17 21:59:07 status installed libdrm-nouveau2:arm64 2.4.97-1
2021-11-17 21:59:07 configure libtag1v5-vanilla:arm64 1.11.1+dfsg.1-0.3+deb10u1 <none>
2021-11-17 21:59:07 status unpacked libtag1v5-vanilla:arm64 1.11.1+dfsg.1-0.3+deb10u1
2021-11-17 21:59:07 status half-configured libtag1v5-vanilla:arm64 1.11.1+dfsg.1-0.3+deb10u1
2021-11-17 21:59:07 status installed libtag1v5-vanilla:arm64 1.11.1+dfsg.1-0.3+deb10u1
2021-11-17 21:59:07 configure vim:arm64 2:8.1.0875-5 <none>
2021-11-17 21:59:07 status unpacked vim:arm64 2:8.1.0875-5
2021-11-17 21:59:07 status half-configured vim:arm64 2:8.1.0875-5
2021-11-17 21:59:08 status installed vim:arm64 2:8.1.0875-5
2021-11-17 21:59:08 configure libdrm-etnaviv1:arm64 2.4.97-1 <none>
2021-11-17 21:59:08 status unpacked libdrm-etnaviv1:arm64 2.4.97-1
2021-11-17 21:59:08 status half-configured libdrm-etnaviv1:arm64 2.4.97-1
2021-11-17 21:59:08 status installed libdrm-etnaviv1:arm64 2.4.97-1
2021-11-17 21:59:08 configure libc++1:arm64 1:7.0-47 <none>
2021-11-17 21:59:08 status unpacked libc++1:arm64 1:7.0-47
2021-11-17 21:59:08 status half-configured libc++1:arm64 1:7.0-47
2021-11-17 21:59:08 status installed libc++1:arm64 1:7.0-47
2021-11-17 21:59:08 configure libcaca0:arm64 0.99.beta19-2.1 <none>
2021-11-17 21:59:08 status unpacked libcaca0:arm64 0.99.beta19-2.1
2021-11-17 21:59:08 status half-configured libcaca0:arm64 0.99.beta19-2.1
2021-11-17 21:59:08 status installed libcaca0:arm64 0.99.beta19-2.1
2021-11-17 21:59:08 configure libxpm4:arm64 1:3.5.12-1 <none>
2021-11-17 21:59:08 status unpacked libxpm4:arm64 1:3.5.12-1
2021-11-17 21:59:08 status half-configured libxpm4:arm64 1:3.5.12-1
2021-11-17 21:59:08 status installed libxpm4:arm64 1:3.5.12-1
2021-11-17 21:59:08 configure wget:arm64 1.20.1-1.1 <none>
2021-11-17 21:59:08 status unpacked wget:arm64 1.20.1-1.1
2021-11-17 21:59:08 status half-configured wget:arm64 1.20.1-1.1
2021-11-17 21:59:08 status installed wget:arm64 1.20.1-1.1
2021-11-17 21:59:08 configure libxrender1:arm64 1:0.9.10-1 <none>
2021-11-17 21:59:08 status unpacked libxrender1:arm64 1:0.9.10-1
2021-11-17 21:59:08 status half-configured libxrender1:arm64 1:0.9.10-1
2021-11-17 21:59:08 status installed libxrender1:arm64 1:0.9.10-1
2021-11-17 21:59:08 configure libgbm1:arm64 18.3.6-2+deb10u1 <none>
2021-11-17 21:59:08 status unpacked libgbm1:arm64 18.3.6-2+deb10u1
2021-11-17 21:59:08 status half-configured libgbm1:arm64 18.3.6-2+deb10u1
2021-11-17 21:59:08 status installed libgbm1:arm64 18.3.6-2+deb10u1
2021-11-17 21:59:08 configure tar:arm64 1.30+dfsg-6 <none>
2021-11-17 21:59:08 status unpacked tar:arm64 1.30+dfsg-6
2021-11-17 21:59:08 status half-configured tar:arm64 1.30+dfsg-6
2021-11-17 21:59:08 status installed tar:arm64 1.30+dfsg-6
2021-11-17 21:59:08 configure psmisc:arm64 23.2-1 <none>
2021-11-17 21:59:08 status unpacked psmisc:arm64 23.2-1
2021-11-17 21:59:08 status half-configured psmisc:arm64 23.2-1
2021-11-17 21:59:08 status installed psmisc:arm64 23.2-1
2021-11-17 21:59:08 configure iptables:arm64 1.8.2-4 <none>
2021-11-17 21:59:08 status unpacked iptables:arm64 1.8.2-4
2021-11-17 21:59:08 status half-configured iptables:arm64 1.8.2-4
2021-11-17 21:59:09 status installed iptables:arm64 1.8.2-4
2021-11-17 21:59:09 configure libglib2.0-0:arm64 2.58.3-2+deb10u2 <none>
2021-11-17 21:59:09 status unpacked libglib2.0-0:arm64 2.58.3-2+deb10u2
2021-11-17 21:59:09 status half-configured libglib2.0-0:arm64 2.58.3-2+deb10u2
2021-11-17 21:59:09 status installed libglib2.0-0:arm64 2.58.3-2+deb10u2
2021-11-17 21:59:09 configure libdrm-radeon1:arm64 2.4.97-1 <none>
2021-11-17 21:59:09 status unpacked libdrm-radeon1:arm64 2.4.97-1
2021-11-17 21:59:09 status half-configured libdrm-radeon1:arm64 2.4.97-1
2021-11-17 21:59:09 status installed libdrm-radeon1:arm64 2.4.97-1
2021-11-17 21:59:09 configure libgl1-mesa-dri:arm64 18.3.6-2+deb10u1 <none>
2021-11-17 21:59:09 status unpacked libgl1-mesa-dri:arm64 18.3.6-2+deb10u1
2021-11-17 21:59:09 status half-configured libgl1-mesa-dri:arm64 18.3.6-2+deb10u1
2021-11-17 21:59:10 status installed libgl1-mesa-dri:arm64 18.3.6-2+deb10u1
2021-11-17 21:59:10 configure libxext6:arm64 2:1.3.3-1+b2 <none>
2021-11-17 21:59:10 status unpacked libxext6:arm64 2:1.3.3-1+b2
2021-11-17 21:59:10 status half-configured libxext6:arm64 2:1.3.3-1+b2
2021-11-17 21:59:10 status installed libxext6:arm64 2:1.3.3-1+b2
2021-11-17 21:59:10 configure libldap-2.4-2:arm64 2.4.47+dfsg-3+deb10u6 <none>
2021-11-17 21:59:10 status unpacked libldap-2.4-2:arm64 2.4.47+dfsg-3+deb10u6
2021-11-17 21:59:10 status half-configured libldap-2.4-2:arm64 2.4.47+dfsg-3+deb10u6
2021-11-17 21:59:10 status installed libldap-2.4-2:arm64 2.4.47+dfsg-3+deb10u6
2021-11-17 21:59:10 configure libpackagekit-glib2-18:arm64 1.1.12-5 <none>
2021-11-17 21:59:10 status unpacked libpackagekit-glib2-18:arm64 1.1.12-5
2021-11-17 21:59:10 status half-configured libpackagekit-glib2-18:arm64 1.1.12-5
2021-11-17 21:59:10 status installed libpackagekit-glib2-18:arm64 1.1.12-5
2021-11-17 21:59:10 configure coreutils:arm64 8.30-3 <none>
2021-11-17 21:59:10 status unpacked coreutils:arm64 8.30-3
2021-11-17 21:59:10 status half-configured coreutils:arm64 8.30-3
2021-11-17 21:59:10 status installed coreutils:arm64 8.30-3
2021-11-17 21:59:10 configure libopenal1:arm64 1:1.19.1-1 <none>
2021-11-17 21:59:10 status unpacked libopenal1:arm64 1:1.19.1-1
2021-11-17 21:59:10 status half-configured libopenal1:arm64 1:1.19.1-1
2021-11-17 21:59:10 status installed libopenal1:arm64 1:1.19.1-1
2021-11-17 21:59:10 configure libatspi2.0-0:arm64 2.30.0-7 <none>
2021-11-17 21:59:10 status unpacked libatspi2.0-0:arm64 2.30.0-7
2021-11-17 21:59:10 status half-configured libatspi2.0-0:arm64 2.30.0-7
2021-11-17 21:59:10 status installed libatspi2.0-0:arm64 2.30.0-7
2021-11-17 21:59:10 configure v4l-utils:arm64 1.16.3-3 <none>
2021-11-17 21:59:10 status unpacked v4l-utils:arm64 1.16.3-3
2021-11-17 21:59:10 status half-configured v4l-utils:arm64 1.16.3-3
2021-11-17 21:59:10 status installed v4l-utils:arm64 1.16.3-3
2021-11-17 21:59:10 configure libapt-inst2.0:arm64 1.8.2.2 <none>
2021-11-17 21:59:10 status unpacked libapt-inst2.0:arm64 1.8.2.2
2021-11-17 21:59:10 status half-configured libapt-inst2.0:arm64 1.8.2.2
2021-11-17 21:59:10 status installed libapt-inst2.0:arm64 1.8.2.2
2021-11-17 21:59:10 configure libcolord2:arm64 1.4.3-4 <none>
2021-11-17 21:59:10 status unpacked libcolord2:arm64 1.4.3-4
2021-11-17 21:59:10 status half-configured libcolord2:arm64 1.4.3-4
2021-11-17 21:59:10 status installed libcolord2:arm64 1.4.3-4
2021-11-17 21:59:10 configure fdisk:arm64 2.33.1-0.1 <none>
2021-11-17 21:59:10 status unpacked fdisk:arm64 2.33.1-0.1
2021-11-17 21:59:10 status half-configured fdisk:arm64 2.33.1-0.1
2021-11-17 21:59:10 status installed fdisk:arm64 2.33.1-0.1
2021-11-17 21:59:10 configure libjson-glib-1.0-0:arm64 1.4.4-2 <none>
2021-11-17 21:59:10 status unpacked libjson-glib-1.0-0:arm64 1.4.4-2
2021-11-17 21:59:10 status half-configured libjson-glib-1.0-0:arm64 1.4.4-2
2021-11-17 21:59:10 status installed libjson-glib-1.0-0:arm64 1.4.4-2
2021-11-17 21:59:10 configure libxxf86vm1:arm64 1:1.1.4-1+b2 <none>
2021-11-17 21:59:10 status unpacked libxxf86vm1:arm64 1:1.1.4-1+b2
2021-11-17 21:59:10 status half-configured libxxf86vm1:arm64 1:1.1.4-1+b2
2021-11-17 21:59:10 status installed libxxf86vm1:arm64 1:1.1.4-1+b2
2021-11-17 21:59:10 configure libdconf1:arm64 0.30.1-2 <none>
2021-11-17 21:59:10 status unpacked libdconf1:arm64 0.30.1-2
2021-11-17 21:59:10 status half-configured libdconf1:arm64 0.30.1-2
2021-11-17 21:59:10 status installed libdconf1:arm64 0.30.1-2
2021-11-17 21:59:10 configure libegl-mesa0:arm64 18.3.6-2+deb10u1 <none>
2021-11-17 21:59:10 status unpacked libegl-mesa0:arm64 18.3.6-2+deb10u1
2021-11-17 21:59:10 status half-configured libegl-mesa0:arm64 18.3.6-2+deb10u1
2021-11-17 21:59:10 status installed libegl-mesa0:arm64 18.3.6-2+deb10u1
2021-11-17 21:59:10 configure libxfixes3:arm64 1:5.0.3-1 <none>
2021-11-17 21:59:10 status unpacked libxfixes3:arm64 1:5.0.3-1
2021-11-17 21:59:10 status half-configured libxfixes3:arm64 1:5.0.3-1
2021-11-17 21:59:10 status installed libxfixes3:arm64 1:5.0.3-1
2021-11-17 21:59:10 configure dialog:arm64 1.3-20190211-1 <none>
2021-11-17 21:59:10 status unpacked dialog:arm64 1.3-20190211-1
2021-11-17 21:59:10 status half-configured dialog:arm64 1.3-20190211-1
2021-11-17 21:59:10 status installed dialog:arm64 1.3-20190211-1
2021-11-17 21:59:10 configure liblwres161:arm64 1:9.11.5.P4+dfsg-5.1+deb10u3 <none>
2021-11-17 21:59:10 status unpacked liblwres161:arm64 1:9.11.5.P4+dfsg-5.1+deb10u3
2021-11-17 21:59:10 status half-configured liblwres161:arm64 1:9.11.5.P4+dfsg-5.1+deb10u3
2021-11-17 21:59:10 status installed liblwres161:arm64 1:9.11.5.P4+dfsg-5.1+deb10u3
2021-11-17 21:59:10 configure shared-mime-info:arm64 1.10-1 <none>
2021-11-17 21:59:10 status unpacked shared-mime-info:arm64 1.10-1
2021-11-17 21:59:10 status half-configured shared-mime-info:arm64 1.10-1
2021-11-17 21:59:18 status installed shared-mime-info:arm64 1.10-1
2021-11-17 21:59:18 configure libxinerama1:arm64 2:1.1.4-2 <none>
2021-11-17 21:59:18 status unpacked libxinerama1:arm64 2:1.1.4-2
2021-11-17 21:59:18 status half-configured libxinerama1:arm64 2:1.1.4-2
2021-11-17 21:59:18 status installed libxinerama1:arm64 2:1.1.4-2
2021-11-17 21:59:18 configure libxrandr2:arm64 2:1.5.1-1 <none>
2021-11-17 21:59:18 status unpacked libxrandr2:arm64 2:1.5.1-1
2021-11-17 21:59:18 status half-configured libxrandr2:arm64 2:1.5.1-1
2021-11-17 21:59:18 status installed libxrandr2:arm64 2:1.5.1-1
2021-11-17 21:59:18 configure libcroco3:arm64 0.6.12-3 <none>
2021-11-17 21:59:18 status unpacked libcroco3:arm64 0.6.12-3
2021-11-17 21:59:18 status half-configured libcroco3:arm64 0.6.12-3
2021-11-17 21:59:18 status installed libcroco3:arm64 0.6.12-3
2021-11-17 21:59:18 configure libxt6:arm64 1:1.1.5-1+b3 <none>
2021-11-17 21:59:18 status unpacked libxt6:arm64 1:1.1.5-1+b3
2021-11-17 21:59:18 status half-configured libxt6:arm64 1:1.1.5-1+b3
2021-11-17 21:59:18 status installed libxt6:arm64 1:1.1.5-1+b3
2021-11-17 21:59:18 configure libnm0:arm64 1.14.6-2+deb10u1 <none>
2021-11-17 21:59:18 status unpacked libnm0:arm64 1.14.6-2+deb10u1
2021-11-17 21:59:18 status half-configured libnm0:arm64 1.14.6-2+deb10u1
2021-11-17 21:59:18 status installed libnm0:arm64 1.14.6-2+deb10u1
2021-11-17 21:59:18 configure libgcc-8-dev:arm64 8.3.0-6 <none>
2021-11-17 21:59:18 status unpacked libgcc-8-dev:arm64 8.3.0-6
2021-11-17 21:59:18 status half-configured libgcc-8-dev:arm64 8.3.0-6
2021-11-17 21:59:18 status installed libgcc-8-dev:arm64 8.3.0-6
2021-11-17 21:59:18 configure dpkg:arm64 1.19.7 <none>
2021-11-17 21:59:18 status unpacked dpkg:arm64 1.19.7
2021-11-17 21:59:18 status half-configured dpkg:arm64 1.19.7
2021-11-17 21:59:19 status installed dpkg:arm64 1.19.7
2021-11-17 21:59:19 configure aptitude:arm64 0.8.11-7 <none>
2021-11-17 21:59:19 status unpacked aptitude:arm64 0.8.11-7
2021-11-17 21:59:19 status half-configured aptitude:arm64 0.8.11-7
2021-11-17 21:59:19 status installed aptitude:arm64 0.8.11-7
2021-11-17 21:59:19 configure libtag1v5:arm64 1.11.1+dfsg.1-0.3+deb10u1 <none>
2021-11-17 21:59:19 status unpacked libtag1v5:arm64 1.11.1+dfsg.1-0.3+deb10u1
2021-11-17 21:59:19 status half-configured libtag1v5:arm64 1.11.1+dfsg.1-0.3+deb10u1
2021-11-17 21:59:19 status installed libtag1v5:arm64 1.11.1+dfsg.1-0.3+deb10u1
2021-11-17 21:59:19 configure libmm-glib0:arm64 1.10.0-1 <none>
2021-11-17 21:59:19 status unpacked libmm-glib0:arm64 1.10.0-1
2021-11-17 21:59:19 status half-configured libmm-glib0:arm64 1.10.0-1
2021-11-17 21:59:19 status installed libmm-glib0:arm64 1.10.0-1
2021-11-17 21:59:19 configure groff-base:arm64 1.22.4-3+deb10u1 <none>
2021-11-17 21:59:19 status unpacked groff-base:arm64 1.22.4-3+deb10u1
2021-11-17 21:59:19 status half-configured groff-base:arm64 1.22.4-3+deb10u1
2021-11-17 21:59:19 status installed groff-base:arm64 1.22.4-3+deb10u1
2021-11-17 21:59:19 configure libvdpau1:arm64 1.1.1-10 <none>
2021-11-17 21:59:19 status unpacked libvdpau1:arm64 1.1.1-10
2021-11-17 21:59:19 status half-configured libvdpau1:arm64 1.1.1-10
2021-11-17 21:59:19 status installed libvdpau1:arm64 1.1.1-10
2021-11-17 21:59:19 configure cpp:arm64 4:8.3.0-1 <none>
2021-11-17 21:59:19 status unpacked cpp:arm64 4:8.3.0-1
2021-11-17 21:59:19 status half-configured cpp:arm64 4:8.3.0-1
2021-11-17 21:59:19 status installed cpp:arm64 4:8.3.0-1
2021-11-17 21:59:19 configure libegl1:arm64 1.1.0-1 <none>
2021-11-17 21:59:19 status unpacked libegl1:arm64 1.1.0-1
2021-11-17 21:59:19 status half-configured libegl1:arm64 1.1.0-1
2021-11-17 21:59:19 status installed libegl1:arm64 1.1.0-1
2021-11-17 21:59:19 configure libharfbuzz0b:arm64 2.3.1-1 <none>
2021-11-17 21:59:19 status unpacked libharfbuzz0b:arm64 2.3.1-1
2021-11-17 21:59:19 status half-configured libharfbuzz0b:arm64 2.3.1-1
2021-11-17 21:59:19 status installed libharfbuzz0b:arm64 2.3.1-1
2021-11-17 21:59:19 configure libgirepository-1.0-1:arm64 1.58.3-2 <none>
2021-11-17 21:59:19 status unpacked libgirepository-1.0-1:arm64 1.58.3-2
2021-11-17 21:59:19 status half-configured libgirepository-1.0-1:arm64 1.58.3-2
2021-11-17 21:59:19 status installed libgirepository-1.0-1:arm64 1.58.3-2
2021-11-17 21:59:19 configure libatk1.0-0:arm64 2.30.0-2 <none>
2021-11-17 21:59:19 status unpacked libatk1.0-0:arm64 2.30.0-2
2021-11-17 21:59:19 status half-configured libatk1.0-0:arm64 2.30.0-2
2021-11-17 21:59:19 status installed libatk1.0-0:arm64 2.30.0-2
2021-11-17 21:59:19 configure libva-x11-2:arm64 2.4.0-1 <none>
2021-11-17 21:59:19 status unpacked libva-x11-2:arm64 2.4.0-1
2021-11-17 21:59:19 status half-configured libva-x11-2:arm64 2.4.0-1
2021-11-17 21:59:19 status installed libva-x11-2:arm64 2.4.0-1
2021-11-17 21:59:19 configure readline-common:all 7.0-5 <none>
2021-11-17 21:59:19 status unpacked readline-common:all 7.0-5
2021-11-17 21:59:19 status half-configured readline-common:all 7.0-5
2021-11-17 21:59:19 status installed readline-common:all 7.0-5
2021-11-17 21:59:19 configure libwayland-egl1-mesa:arm64 18.3.6-2+deb10u1 <none>
2021-11-17 21:59:19 status unpacked libwayland-egl1-mesa:arm64 18.3.6-2+deb10u1
2021-11-17 21:59:19 status half-configured libwayland-egl1-mesa:arm64 18.3.6-2+deb10u1
2021-11-17 21:59:19 status installed libwayland-egl1-mesa:arm64 18.3.6-2+deb10u1
2021-11-17 21:59:19 configure libgudev-1.0-0:arm64 232-2 <none>
2021-11-17 21:59:19 status unpacked libgudev-1.0-0:arm64 232-2
2021-11-17 21:59:19 status half-configured libgudev-1.0-0:arm64 232-2
2021-11-17 21:59:19 status installed libgudev-1.0-0:arm64 232-2
2021-11-17 21:59:19 configure libpolkit-gobject-1-0:arm64 0.105-25 <none>
2021-11-17 21:59:19 status unpacked libpolkit-gobject-1-0:arm64 0.105-25
2021-11-17 21:59:19 status half-configured libpolkit-gobject-1-0:arm64 0.105-25
2021-11-17 21:59:19 status installed libpolkit-gobject-1-0:arm64 0.105-25
2021-11-17 21:59:19 configure libgstreamer1.0-0:arm64 1.14.4+imx-3 <none>
2021-11-17 21:59:19 status unpacked libgstreamer1.0-0:arm64 1.14.4+imx-3
2021-11-17 21:59:19 status half-configured libgstreamer1.0-0:arm64 1.14.4+imx-3
2021-11-17 21:59:20 status installed libgstreamer1.0-0:arm64 1.14.4+imx-3
2021-11-17 21:59:20 configure libgraphene-1.0-0:arm64 1.8.4-1 <none>
2021-11-17 21:59:20 status unpacked libgraphene-1.0-0:arm64 1.8.4-1
2021-11-17 21:59:20 status half-configured libgraphene-1.0-0:arm64 1.8.4-1
2021-11-17 21:59:20 status installed libgraphene-1.0-0:arm64 1.8.4-1
2021-11-17 21:59:20 configure libreadline7:arm64 7.0-5 <none>
2021-11-17 21:59:20 status unpacked libreadline7:arm64 7.0-5
2021-11-17 21:59:20 status half-configured libreadline7:arm64 7.0-5
2021-11-17 21:59:20 status installed libreadline7:arm64 7.0-5
2021-11-17 21:59:20 configure libstdc++-8-dev:arm64 8.3.0-6 <none>
2021-11-17 21:59:20 status unpacked libstdc++-8-dev:arm64 8.3.0-6
2021-11-17 21:59:20 status half-configured libstdc++-8-dev:arm64 8.3.0-6
2021-11-17 21:59:20 status installed libstdc++-8-dev:arm64 8.3.0-6
2021-11-17 21:59:20 configure gnupg-utils:arm64 2.2.12-1+deb10u1 <none>
2021-11-17 21:59:20 status unpacked gnupg-utils:arm64 2.2.12-1+deb10u1
2021-11-17 21:59:20 status half-configured gnupg-utils:arm64 2.2.12-1+deb10u1
2021-11-17 21:59:20 status installed gnupg-utils:arm64 2.2.12-1+deb10u1
2021-11-17 21:59:20 configure glib-networking-services:arm64 2.58.0-2+deb10u2 <none>
2021-11-17 21:59:20 status unpacked glib-networking-services:arm64 2.58.0-2+deb10u2
2021-11-17 21:59:20 status half-configured glib-networking-services:arm64 2.58.0-2+deb10u2
2021-11-17 21:59:20 status installed glib-networking-services:arm64 2.58.0-2+deb10u2
2021-11-17 21:59:20 configure libxmu6:arm64 2:1.1.2-2+b3 <none>
2021-11-17 21:59:20 status unpacked libxmu6:arm64 2:1.1.2-2+b3
2021-11-17 21:59:20 status half-configured libxmu6:arm64 2:1.1.2-2+b3
2021-11-17 21:59:20 status installed libxmu6:arm64 2:1.1.2-2+b3
2021-11-17 21:59:20 configure gcc-8:arm64 8.3.0-6 <none>
2021-11-17 21:59:20 status unpacked gcc-8:arm64 8.3.0-6
2021-11-17 21:59:20 status half-configured gcc-8:arm64 8.3.0-6
2021-11-17 21:59:20 status installed gcc-8:arm64 8.3.0-6
2021-11-17 21:59:20 configure libxdamage1:arm64 1:1.1.4-3+b3 <none>
2021-11-17 21:59:20 status unpacked libxdamage1:arm64 1:1.1.4-3+b3
2021-11-17 21:59:20 status half-configured libxdamage1:arm64 1:1.1.4-3+b3
2021-11-17 21:59:20 status installed libxdamage1:arm64 1:1.1.4-3+b3
2021-11-17 21:59:20 configure libxi6:arm64 2:1.7.9-1 <none>
2021-11-17 21:59:20 status unpacked libxi6:arm64 2:1.7.9-1
2021-11-17 21:59:20 status half-configured libxi6:arm64 2:1.7.9-1
2021-11-17 21:59:20 status installed libxi6:arm64 2:1.7.9-1
2021-11-17 21:59:20 configure grep:arm64 3.3-1 <none>
2021-11-17 21:59:20 status unpacked grep:arm64 3.3-1
2021-11-17 21:59:20 status half-configured grep:arm64 3.3-1
2021-11-17 21:59:20 status installed grep:arm64 3.3-1
2021-11-17 21:59:20 configure libxtst6:arm64 2:1.2.3-1 <none>
2021-11-17 21:59:20 status unpacked libxtst6:arm64 2:1.2.3-1
2021-11-17 21:59:20 status half-configured libxtst6:arm64 2:1.2.3-1
2021-11-17 21:59:20 status installed libxtst6:arm64 2:1.2.3-1
2021-11-17 21:59:20 configure libxcursor1:arm64 1:1.1.15-2 <none>
2021-11-17 21:59:20 status unpacked libxcursor1:arm64 1:1.1.15-2
2021-11-17 21:59:20 status half-configured libxcursor1:arm64 1:1.1.15-2
2021-11-17 21:59:20 status installed libxcursor1:arm64 1:1.1.15-2
2021-11-17 21:59:20 configure libpolkit-backend-1-0:arm64 0.105-25 <none>
2021-11-17 21:59:20 status unpacked libpolkit-backend-1-0:arm64 0.105-25
2021-11-17 21:59:20 status half-configured libpolkit-backend-1-0:arm64 0.105-25
2021-11-17 21:59:20 status installed libpolkit-backend-1-0:arm64 0.105-25
2021-11-17 21:59:20 configure libgstreamer-plugins-base1.0-0:arm64 1.14.4+imx-6 <none>
2021-11-17 21:59:20 status unpacked libgstreamer-plugins-base1.0-0:arm64 1.14.4+imx-6
2021-11-17 21:59:20 status half-configured libgstreamer-plugins-base1.0-0:arm64 1.14.4+imx-6
2021-11-17 21:59:20 status installed libgstreamer-plugins-base1.0-0:arm64 1.14.4+imx-6
2021-11-17 21:59:20 configure libxaw7:arm64 2:1.0.13-1+b2 <none>
2021-11-17 21:59:20 status unpacked libxaw7:arm64 2:1.0.13-1+b2
2021-11-17 21:59:20 status half-configured libxaw7:arm64 2:1.0.13-1+b2
2021-11-17 21:59:20 status installed libxaw7:arm64 2:1.0.13-1+b2
2021-11-17 21:59:20 configure libavutil56:arm64 7:4.1.6-1~deb10u1 <none>
2021-11-17 21:59:20 status unpacked libavutil56:arm64 7:4.1.6-1~deb10u1
2021-11-17 21:59:20 status half-configured libavutil56:arm64 7:4.1.6-1~deb10u1
2021-11-17 21:59:20 status installed libavutil56:arm64 7:4.1.6-1~deb10u1
2021-11-17 21:59:20 configure gcc:arm64 4:8.3.0-1 <none>
2021-11-17 21:59:20 status unpacked gcc:arm64 4:8.3.0-1
2021-11-17 21:59:20 status half-configured gcc:arm64 4:8.3.0-1
2021-11-17 21:59:20 status installed gcc:arm64 4:8.3.0-1
2021-11-17 21:59:20 configure libatk-bridge2.0-0:arm64 2.30.0-5 <none>
2021-11-17 21:59:20 status unpacked libatk-bridge2.0-0:arm64 2.30.0-5
2021-11-17 21:59:20 status half-configured libatk-bridge2.0-0:arm64 2.30.0-5
2021-11-17 21:59:20 status installed libatk-bridge2.0-0:arm64 2.30.0-5
2021-11-17 21:59:20 configure perl-base:arm64 5.28.1-6+deb10u1 <none>
2021-11-17 21:59:20 status unpacked perl-base:arm64 5.28.1-6+deb10u1
2021-11-17 21:59:20 status half-configured perl-base:arm64 5.28.1-6+deb10u1
2021-11-17 21:59:20 status installed perl-base:arm64 5.28.1-6+deb10u1
2021-11-17 21:59:20 configure libgstreamer-plugins-bad1.0-0:arm64 1.14.4+imx-7 <none>
2021-11-17 21:59:20 status unpacked libgstreamer-plugins-bad1.0-0:arm64 1.14.4+imx-7
2021-11-17 21:59:20 status half-configured libgstreamer-plugins-bad1.0-0:arm64 1.14.4+imx-7
2021-11-17 21:59:20 status installed libgstreamer-plugins-bad1.0-0:arm64 1.14.4+imx-7
2021-11-17 21:59:20 configure libgstreamer-gl1.0-0:arm64 1.14.4+imx-6 <none>
2021-11-17 21:59:20 status unpacked libgstreamer-gl1.0-0:arm64 1.14.4+imx-6
2021-11-17 21:59:20 status half-configured libgstreamer-gl1.0-0:arm64 1.14.4+imx-6
2021-11-17 21:59:20 status installed libgstreamer-gl1.0-0:arm64 1.14.4+imx-6
2021-11-17 21:59:20 configure init-system-helpers:all 1.56+nmu1 <none>
2021-11-17 21:59:20 status unpacked init-system-helpers:all 1.56+nmu1
2021-11-17 21:59:20 status half-configured init-system-helpers:all 1.56+nmu1
2021-11-17 21:59:21 status installed init-system-helpers:all 1.56+nmu1
2021-11-17 21:59:21 configure libgdk-pixbuf2.0-0:arm64 2.38.1+dfsg-1 <none>
2021-11-17 21:59:21 status unpacked libgdk-pixbuf2.0-0:arm64 2.38.1+dfsg-1
2021-11-17 21:59:21 status half-configured libgdk-pixbuf2.0-0:arm64 2.38.1+dfsg-1
2021-11-17 21:59:21 status installed libgdk-pixbuf2.0-0:arm64 2.38.1+dfsg-1
2021-11-17 21:59:21 configure gzip:arm64 1.9-3 <none>
2021-11-17 21:59:21 status unpacked gzip:arm64 1.9-3
2021-11-17 21:59:21 status half-configured gzip:arm64 1.9-3
2021-11-17 21:59:21 status installed gzip:arm64 1.9-3
2021-11-17 21:59:21 configure python2-minimal:arm64 2.7.16-1 <none>
2021-11-17 21:59:21 status unpacked python2-minimal:arm64 2.7.16-1
2021-11-17 21:59:21 status half-configured python2-minimal:arm64 2.7.16-1
2021-11-17 21:59:22 status installed python2-minimal:arm64 2.7.16-1
2021-11-17 21:59:22 configure gir1.2-glib-2.0:arm64 1.58.3-2 <none>
2021-11-17 21:59:22 status unpacked gir1.2-glib-2.0:arm64 1.58.3-2
2021-11-17 21:59:22 status half-configured gir1.2-glib-2.0:arm64 1.58.3-2
2021-11-17 21:59:22 status installed gir1.2-glib-2.0:arm64 1.58.3-2
2021-11-17 21:59:22 configure g++-8:arm64 8.3.0-6 <none>
2021-11-17 21:59:22 status unpacked g++-8:arm64 8.3.0-6
2021-11-17 21:59:22 status half-configured g++-8:arm64 8.3.0-6
2021-11-17 21:59:22 status installed g++-8:arm64 8.3.0-6
2021-11-17 21:59:22 configure at-spi2-core:arm64 2.30.0-7 <none>
2021-11-17 21:59:22 status unpacked at-spi2-core:arm64 2.30.0-7
2021-11-17 21:59:22 status half-configured at-spi2-core:arm64 2.30.0-7
2021-11-17 21:59:22 status installed at-spi2-core:arm64 2.30.0-7
2021-11-17 21:59:22 configure procps:arm64 2:3.3.15-2 <none>
2021-11-17 21:59:22 status unpacked procps:arm64 2:3.3.15-2
2021-11-17 21:59:22 status half-configured procps:arm64 2:3.3.15-2
2021-11-17 21:59:22 status installed procps:arm64 2:3.3.15-2
2021-11-17 21:59:22 configure gpgconf:arm64 2.2.12-1+deb10u1 <none>
2021-11-17 21:59:22 status unpacked gpgconf:arm64 2.2.12-1+deb10u1
2021-11-17 21:59:22 status half-configured gpgconf:arm64 2.2.12-1+deb10u1
2021-11-17 21:59:22 status installed gpgconf:arm64 2.2.12-1+deb10u1
2021-11-17 21:59:22 configure libpolkit-agent-1-0:arm64 0.105-25 <none>
2021-11-17 21:59:22 status unpacked libpolkit-agent-1-0:arm64 0.105-25
2021-11-17 21:59:22 status half-configured libpolkit-agent-1-0:arm64 0.105-25
2021-11-17 21:59:22 status installed libpolkit-agent-1-0:arm64 0.105-25
2021-11-17 21:59:23 configure gstreamer1.0-plugins-ugly:arm64 1.14.4-1 <none>
2021-11-17 21:59:23 status unpacked gstreamer1.0-plugins-ugly:arm64 1.14.4-1
2021-11-17 21:59:23 status half-configured gstreamer1.0-plugins-ugly:arm64 1.14.4-1
2021-11-17 21:59:23 status installed gstreamer1.0-plugins-ugly:arm64 1.14.4-1
2021-11-17 21:59:23 configure libwacom2:arm64 0.32-1 <none>
2021-11-17 21:59:23 status unpacked libwacom2:arm64 0.32-1
2021-11-17 21:59:23 status half-configured libwacom2:arm64 0.32-1
2021-11-17 21:59:23 status installed libwacom2:arm64 0.32-1
2021-11-17 21:59:23 configure liblocale-gettext-perl:arm64 1.07-3+b4 <none>
2021-11-17 21:59:23 status unpacked liblocale-gettext-perl:arm64 1.07-3+b4
2021-11-17 21:59:23 status half-configured liblocale-gettext-perl:arm64 1.07-3+b4
2021-11-17 21:59:23 status installed liblocale-gettext-perl:arm64 1.07-3+b4
2021-11-17 21:59:23 configure gpg:arm64 2.2.12-1+deb10u1 <none>
2021-11-17 21:59:23 status unpacked gpg:arm64 2.2.12-1+deb10u1
2021-11-17 21:59:23 status half-configured gpg:arm64 2.2.12-1+deb10u1
2021-11-17 21:59:23 status installed gpg:arm64 2.2.12-1+deb10u1
2021-11-17 21:59:23 configure rsync:arm64 3.1.3-6 <none>
2021-11-17 21:59:23 status unpacked rsync:arm64 3.1.3-6
2021-11-17 21:59:23 status half-configured rsync:arm64 3.1.3-6
2021-11-17 21:59:25 status installed rsync:arm64 3.1.3-6
2021-11-17 21:59:25 configure perl-modules-5.28:all 5.28.1-6+deb10u1 <none>
2021-11-17 21:59:25 status unpacked perl-modules-5.28:all 5.28.1-6+deb10u1
2021-11-17 21:59:26 status half-configured perl-modules-5.28:all 5.28.1-6+deb10u1
2021-11-17 21:59:26 status installed perl-modules-5.28:all 5.28.1-6+deb10u1
2021-11-17 21:59:26 configure gstreamer1.0-gl:arm64 1.14.4+imx-6 <none>
2021-11-17 21:59:26 status unpacked gstreamer1.0-gl:arm64 1.14.4+imx-6
2021-11-17 21:59:26 status half-configured gstreamer1.0-gl:arm64 1.14.4+imx-6
2021-11-17 21:59:26 status installed gstreamer1.0-gl:arm64 1.14.4+imx-6
2021-11-17 21:59:26 configure libtext-iconv-perl:arm64 1.7-5+b6 <none>
2021-11-17 21:59:26 status unpacked libtext-iconv-perl:arm64 1.7-5+b6
2021-11-17 21:59:26 status half-configured libtext-iconv-perl:arm64 1.7-5+b6
2021-11-17 21:59:26 status installed libtext-iconv-perl:arm64 1.7-5+b6
2021-11-17 21:59:26 configure libtext-charwidth-perl:arm64 0.04-7.1+b1 <none>
2021-11-17 21:59:26 status unpacked libtext-charwidth-perl:arm64 0.04-7.1+b1
2021-11-17 21:59:26 status half-configured libtext-charwidth-perl:arm64 0.04-7.1+b1
2021-11-17 21:59:26 status installed libtext-charwidth-perl:arm64 0.04-7.1+b1
2021-11-17 21:59:26 configure gtk-update-icon-cache:arm64 3.24.5-1 <none>
2021-11-17 21:59:26 status unpacked gtk-update-icon-cache:arm64 3.24.5-1
2021-11-17 21:59:26 status half-configured gtk-update-icon-cache:arm64 3.24.5-1
2021-11-17 21:59:26 status installed gtk-update-icon-cache:arm64 3.24.5-1
2021-11-17 21:59:26 configure gir1.2-gstreamer-1.0:arm64 1.14.4-1 <none>
2021-11-17 21:59:26 status unpacked gir1.2-gstreamer-1.0:arm64 1.14.4-1
2021-11-17 21:59:26 status half-configured gir1.2-gstreamer-1.0:arm64 1.14.4-1
2021-11-17 21:59:26 status installed gir1.2-gstreamer-1.0:arm64 1.14.4-1
2021-11-17 21:59:26 configure libglx-mesa0:arm64 18.3.6-2+deb10u1 <none>
2021-11-17 21:59:26 status unpacked libglx-mesa0:arm64 18.3.6-2+deb10u1
2021-11-17 21:59:26 status half-configured libglx-mesa0:arm64 18.3.6-2+deb10u1
2021-11-17 21:59:26 status installed libglx-mesa0:arm64 18.3.6-2+deb10u1
2021-11-17 21:59:26 configure gpg-agent:arm64 2.2.12-1+deb10u1 <none>
2021-11-17 21:59:26 status unpacked gpg-agent:arm64 2.2.12-1+deb10u1
2021-11-17 21:59:26 status half-configured gpg-agent:arm64 2.2.12-1+deb10u1
2021-11-17 21:59:26 status installed gpg-agent:arm64 2.2.12-1+deb10u1
2021-11-17 21:59:26 configure libglx0:arm64 1.1.0-1 <none>
2021-11-17 21:59:26 status unpacked libglx0:arm64 1.1.0-1
2021-11-17 21:59:26 status half-configured libglx0:arm64 1.1.0-1
2021-11-17 21:59:26 status installed libglx0:arm64 1.1.0-1
2021-11-17 21:59:26 configure gir1.2-gdkpixbuf-2.0:arm64 2.38.1+dfsg-1 <none>
2021-11-17 21:59:26 status unpacked gir1.2-gdkpixbuf-2.0:arm64 2.38.1+dfsg-1
2021-11-17 21:59:26 status half-configured gir1.2-gdkpixbuf-2.0:arm64 2.38.1+dfsg-1
2021-11-17 21:59:26 status installed gir1.2-gdkpixbuf-2.0:arm64 2.38.1+dfsg-1
2021-11-17 21:59:26 configure libpulse0:arm64 12.2-4+deb10u1 <none>
2021-11-17 21:59:26 status unpacked libpulse0:arm64 12.2-4+deb10u1
2021-11-17 21:59:26 status half-configured libpulse0:arm64 12.2-4+deb10u1
2021-11-17 21:59:26 status installed libpulse0:arm64 12.2-4+deb10u1
2021-11-17 21:59:26 configure gir1.2-atk-1.0:arm64 2.30.0-2 <none>
2021-11-17 21:59:26 status unpacked gir1.2-atk-1.0:arm64 2.30.0-2
2021-11-17 21:59:26 status half-configured gir1.2-atk-1.0:arm64 2.30.0-2
2021-11-17 21:59:26 status installed gir1.2-atk-1.0:arm64 2.30.0-2
2021-11-17 21:59:26 configure x11-xkb-utils:arm64 7.7+4 <none>
2021-11-17 21:59:26 status unpacked x11-xkb-utils:arm64 7.7+4
2021-11-17 21:59:26 status half-configured x11-xkb-utils:arm64 7.7+4
2021-11-17 21:59:26 status installed x11-xkb-utils:arm64 7.7+4
2021-11-17 21:59:26 configure gir1.2-gst-plugins-base-1.0:arm64 1.14.4-2 <none>
2021-11-17 21:59:26 status unpacked gir1.2-gst-plugins-base-1.0:arm64 1.14.4-2
2021-11-17 21:59:26 status half-configured gir1.2-gst-plugins-base-1.0:arm64 1.14.4-2
2021-11-17 21:59:26 status installed gir1.2-gst-plugins-base-1.0:arm64 1.14.4-2
2021-11-17 21:59:26 configure gpgsm:arm64 2.2.12-1+deb10u1 <none>
2021-11-17 21:59:26 status unpacked gpgsm:arm64 2.2.12-1+deb10u1
2021-11-17 21:59:26 status half-configured gpgsm:arm64 2.2.12-1+deb10u1
2021-11-17 21:59:26 status installed gpgsm:arm64 2.2.12-1+deb10u1
2021-11-17 21:59:26 configure rsyslog:arm64 8.1901.0-1 <none>
2021-11-17 21:59:26 status unpacked rsyslog:arm64 8.1901.0-1
2021-11-17 21:59:26 status half-configured rsyslog:arm64 8.1901.0-1
2021-11-17 21:59:29 status installed rsyslog:arm64 8.1901.0-1
2021-11-17 21:59:29 configure libpulsedsp:arm64 12.2-4+deb10u1 <none>
2021-11-17 21:59:29 status unpacked libpulsedsp:arm64 12.2-4+deb10u1
2021-11-17 21:59:29 status half-configured libpulsedsp:arm64 12.2-4+deb10u1
2021-11-17 21:59:29 status installed libpulsedsp:arm64 12.2-4+deb10u1
2021-11-17 21:59:29 configure libswresample3:arm64 7:4.1.6-1~deb10u1 <none>
2021-11-17 21:59:29 status unpacked libswresample3:arm64 7:4.1.6-1~deb10u1
2021-11-17 21:59:29 status half-configured libswresample3:arm64 7:4.1.6-1~deb10u1
2021-11-17 21:59:29 status installed libswresample3:arm64 7:4.1.6-1~deb10u1
2021-11-17 21:59:29 configure libtext-wrapi18n-perl:all 0.06-7.1 <none>
2021-11-17 21:59:29 status unpacked libtext-wrapi18n-perl:all 0.06-7.1
2021-11-17 21:59:29 status half-configured libtext-wrapi18n-perl:all 0.06-7.1
2021-11-17 21:59:29 status installed libtext-wrapi18n-perl:all 0.06-7.1
2021-11-17 21:59:29 configure libavresample4:arm64 7:4.1.6-1~deb10u1 <none>
2021-11-17 21:59:29 status unpacked libavresample4:arm64 7:4.1.6-1~deb10u1
2021-11-17 21:59:29 status half-configured libavresample4:arm64 7:4.1.6-1~deb10u1
2021-11-17 21:59:29 status installed libavresample4:arm64 7:4.1.6-1~deb10u1
2021-11-17 21:59:29 configure debconf:all 1.5.71 <none>
2021-11-17 21:59:29 status unpacked debconf:all 1.5.71
2021-11-17 21:59:29 status half-configured debconf:all 1.5.71
2021-11-17 21:59:31 status installed debconf:all 1.5.71
2021-11-17 21:59:31 configure libinput-bin:arm64 1.12.6-2+deb10u1 <none>
2021-11-17 21:59:31 status unpacked libinput-bin:arm64 1.12.6-2+deb10u1
2021-11-17 21:59:31 status half-configured libinput-bin:arm64 1.12.6-2+deb10u1
2021-11-17 21:59:31 status installed libinput-bin:arm64 1.12.6-2+deb10u1
2021-11-17 21:59:31 configure tzdata:all 2021a-0+deb10u1 <none>
2021-11-17 21:59:31 status unpacked tzdata:all 2021a-0+deb10u1
2021-11-17 21:59:31 status half-configured tzdata:all 2021a-0+deb10u1
2021-11-17 21:59:34 status installed tzdata:all 2021a-0+deb10u1
2021-11-17 21:59:34 configure gir1.2-packagekitglib-1.0:arm64 1.1.12-5 <none>
2021-11-17 21:59:34 status unpacked gir1.2-packagekitglib-1.0:arm64 1.1.12-5
2021-11-17 21:59:34 status half-configured gir1.2-packagekitglib-1.0:arm64 1.1.12-5
2021-11-17 21:59:34 status installed gir1.2-packagekitglib-1.0:arm64 1.1.12-5
2021-11-17 21:59:34 configure libpam0g:arm64 1.3.1-5 <none>
2021-11-17 21:59:34 status unpacked libpam0g:arm64 1.3.1-5
2021-11-17 21:59:34 status half-configured libpam0g:arm64 1.3.1-5
2021-11-17 21:59:35 status installed libpam0g:arm64 1.3.1-5
2021-11-17 21:59:35 configure libgl1:arm64 1.1.0-1 <none>
2021-11-17 21:59:35 status unpacked libgl1:arm64 1.1.0-1
2021-11-17 21:59:35 status half-configured libgl1:arm64 1.1.0-1
2021-11-17 21:59:35 status installed libgl1:arm64 1.1.0-1
2021-11-17 21:59:35 configure python-minimal:arm64 2.7.16-1 <none>
2021-11-17 21:59:35 status unpacked python-minimal:arm64 2.7.16-1
2021-11-17 21:59:35 status half-configured python-minimal:arm64 2.7.16-1
2021-11-17 21:59:35 status installed python-minimal:arm64 2.7.16-1
2021-11-17 21:59:35 configure wamerican:all 2018.04.16-1 <none>
2021-11-17 21:59:35 status unpacked wamerican:all 2018.04.16-1
2021-11-17 21:59:35 status half-configured wamerican:all 2018.04.16-1
2021-11-17 21:59:37 status installed wamerican:all 2018.04.16-1
2021-11-17 21:59:37 configure pulseaudio-utils:arm64 12.2-4+deb10u1 <none>
2021-11-17 21:59:37 status unpacked pulseaudio-utils:arm64 12.2-4+deb10u1
2021-11-17 21:59:37 status half-configured pulseaudio-utils:arm64 12.2-4+deb10u1
2021-11-17 21:59:37 status installed pulseaudio-utils:arm64 12.2-4+deb10u1
2021-11-17 21:59:37 configure ucf:all 3.0038+nmu1 <none>
2021-11-17 21:59:37 status unpacked ucf:all 3.0038+nmu1
2021-11-17 21:59:37 status half-configured ucf:all 3.0038+nmu1
2021-11-17 21:59:38 status installed ucf:all 3.0038+nmu1
2021-11-17 21:59:38 configure libperl5.28:arm64 5.28.1-6+deb10u1 <none>
2021-11-17 21:59:38 status unpacked libperl5.28:arm64 5.28.1-6+deb10u1
2021-11-17 21:59:38 status half-configured libperl5.28:arm64 5.28.1-6+deb10u1
2021-11-17 21:59:38 status installed libperl5.28:arm64 5.28.1-6+deb10u1
2021-11-17 21:59:38 configure gpg-wks-server:arm64 2.2.12-1+deb10u1 <none>
2021-11-17 21:59:38 status unpacked gpg-wks-server:arm64 2.2.12-1+deb10u1
2021-11-17 21:59:38 status half-configured gpg-wks-server:arm64 2.2.12-1+deb10u1
2021-11-17 21:59:38 status installed gpg-wks-server:arm64 2.2.12-1+deb10u1
2021-11-17 21:59:38 configure libgl1-mesa-glx:arm64 18.3.6-2+deb10u1 <none>
2021-11-17 21:59:38 status unpacked libgl1-mesa-glx:arm64 18.3.6-2+deb10u1
2021-11-17 21:59:38 status half-configured libgl1-mesa-glx:arm64 18.3.6-2+deb10u1
2021-11-17 21:59:38 status installed libgl1-mesa-glx:arm64 18.3.6-2+deb10u1
2021-11-17 21:59:38 configure g++:arm64 4:8.3.0-1 <none>
2021-11-17 21:59:38 status unpacked g++:arm64 4:8.3.0-1
2021-11-17 21:59:38 status half-configured g++:arm64 4:8.3.0-1
2021-11-17 21:59:39 status installed g++:arm64 4:8.3.0-1
2021-11-17 21:59:39 configure libglu1-mesa:arm64 9.0.0-2.1+b3 <none>
2021-11-17 21:59:39 status unpacked libglu1-mesa:arm64 9.0.0-2.1+b3
2021-11-17 21:59:39 status half-configured libglu1-mesa:arm64 9.0.0-2.1+b3
2021-11-17 21:59:39 status installed libglu1-mesa:arm64 9.0.0-2.1+b3
2021-11-17 21:59:39 configure xserver-common:all 2:1.20.4-1+deb10u2 <none>
2021-11-17 21:59:39 status unpacked xserver-common:all 2:1.20.4-1+deb10u2
2021-11-17 21:59:39 status half-configured xserver-common:all 2:1.20.4-1+deb10u2
2021-11-17 21:59:39 status installed xserver-common:all 2:1.20.4-1+deb10u2
2021-11-17 21:59:39 configure xwayland:arm64 2:1.20.4-1+deb10u2 <none>
2021-11-17 21:59:39 status unpacked xwayland:arm64 2:1.20.4-1+deb10u2
2021-11-17 21:59:39 status half-configured xwayland:arm64 2:1.20.4-1+deb10u2
2021-11-17 21:59:39 status installed xwayland:arm64 2:1.20.4-1+deb10u2
2021-11-17 21:59:39 configure dash:arm64 0.5.10.2-5 <none>
2021-11-17 21:59:39 status unpacked dash:arm64 0.5.10.2-5
2021-11-17 21:59:39 status half-configured dash:arm64 0.5.10.2-5
2021-11-17 21:59:43 status installed dash:arm64 0.5.10.2-5
2021-11-17 21:59:43 configure libinput10:arm64 1.12.6-2+deb10u1 <none>
2021-11-17 21:59:43 status unpacked libinput10:arm64 1.12.6-2+deb10u1
2021-11-17 21:59:43 status half-configured libinput10:arm64 1.12.6-2+deb10u1
2021-11-17 21:59:43 status installed libinput10:arm64 1.12.6-2+deb10u1
2021-11-17 21:59:43 configure libfluidsynth1:arm64 1.1.11-1 <none>
2021-11-17 21:59:43 status unpacked libfluidsynth1:arm64 1.1.11-1
2021-11-17 21:59:43 status half-configured libfluidsynth1:arm64 1.1.11-1
2021-11-17 21:59:43 status installed libfluidsynth1:arm64 1.1.11-1
2021-11-17 21:59:43 configure linux-base:all 4.6 <none>
2021-11-17 21:59:43 status unpacked linux-base:all 4.6
2021-11-17 21:59:43 status half-configured linux-base:all 4.6
2021-11-17 21:59:44 status installed linux-base:all 4.6
2021-11-17 21:59:44 configure freeglut3:arm64 2.8.1-3 <none>
2021-11-17 21:59:44 status unpacked freeglut3:arm64 2.8.1-3
2021-11-17 21:59:44 status half-configured freeglut3:arm64 2.8.1-3
2021-11-17 21:59:44 status installed freeglut3:arm64 2.8.1-3
2021-11-17 21:59:44 configure fontconfig-config:all 2.13.1-2 <none>
2021-11-17 21:59:44 status unpacked fontconfig-config:all 2.13.1-2
2021-11-17 21:59:44 status half-configured fontconfig-config:all 2.13.1-2
2021-11-17 21:59:51 status installed fontconfig-config:all 2.13.1-2
2021-11-17 21:59:51 configure iproute2:arm64 4.20.0-2+deb10u1 <none>
2021-11-17 21:59:51 status unpacked iproute2:arm64 4.20.0-2+deb10u1
2021-11-17 21:59:51 status half-configured iproute2:arm64 4.20.0-2+deb10u1
2021-11-17 21:59:53 status installed iproute2:arm64 4.20.0-2+deb10u1
2021-11-17 21:59:53 configure libssl1.1:arm64 1.1.1d-0+deb10u5 <none>
2021-11-17 21:59:53 status unpacked libssl1.1:arm64 1.1.1d-0+deb10u5
2021-11-17 21:59:53 status half-configured libssl1.1:arm64 1.1.1d-0+deb10u5
2021-11-17 21:59:54 status installed libssl1.1:arm64 1.1.1d-0+deb10u5
2021-11-17 21:59:54 configure libpam-modules-bin:arm64 1.3.1-5 <none>
2021-11-17 21:59:54 status unpacked libpam-modules-bin:arm64 1.3.1-5
2021-11-17 21:59:54 status half-configured libpam-modules-bin:arm64 1.3.1-5
2021-11-17 21:59:54 status installed libpam-modules-bin:arm64 1.3.1-5
2021-11-17 21:59:54 configure debconf-i18n:all 1.5.71 <none>
2021-11-17 21:59:54 status unpacked debconf-i18n:all 1.5.71
2021-11-17 21:59:54 status half-configured debconf-i18n:all 1.5.71
2021-11-17 21:59:54 status installed debconf-i18n:all 1.5.71
2021-11-17 21:59:54 configure libisc1100:arm64 1:9.11.5.P4+dfsg-5.1+deb10u3 <none>
2021-11-17 21:59:54 status unpacked libisc1100:arm64 1:9.11.5.P4+dfsg-5.1+deb10u3
2021-11-17 21:59:54 status half-configured libisc1100:arm64 1:9.11.5.P4+dfsg-5.1+deb10u3
2021-11-17 21:59:54 status installed libisc1100:arm64 1:9.11.5.P4+dfsg-5.1+deb10u3
2021-11-17 21:59:54 configure locales:all 2.28-10 <none>
2021-11-17 21:59:54 status unpacked locales:all 2.28-10
2021-11-17 21:59:54 status half-configured locales:all 2.28-10
2021-11-17 22:00:24 status installed locales:all 2.28-10
2021-11-17 22:00:24 configure man-db:arm64 2.8.5-2 <none>
2021-11-17 22:00:24 status unpacked man-db:arm64 2.8.5-2
2021-11-17 22:00:24 status half-configured man-db:arm64 2.8.5-2
2021-11-17 22:02:54 status installed man-db:arm64 2.8.5-2
2021-11-17 22:02:54 configure libpython3.7-minimal:arm64 3.7.3-2+deb10u3 <none>
2021-11-17 22:02:54 status unpacked libpython3.7-minimal:arm64 3.7.3-2+deb10u3
2021-11-17 22:02:54 status half-configured libpython3.7-minimal:arm64 3.7.3-2+deb10u3
2021-11-17 22:02:55 status installed libpython3.7-minimal:arm64 3.7.3-2+deb10u3
2021-11-17 22:02:55 configure libpython2.7-stdlib:arm64 2.7.16-2+deb10u1 <none>
2021-11-17 22:02:55 status unpacked libpython2.7-stdlib:arm64 2.7.16-2+deb10u1
2021-11-17 22:02:55 status half-configured libpython2.7-stdlib:arm64 2.7.16-2+deb10u1
2021-11-17 22:02:55 status installed libpython2.7-stdlib:arm64 2.7.16-2+deb10u1
2021-11-17 22:02:55 configure perl:arm64 5.28.1-6+deb10u1 <none>
2021-11-17 22:02:55 status unpacked perl:arm64 5.28.1-6+deb10u1
2021-11-17 22:02:55 status half-configured perl:arm64 5.28.1-6+deb10u1
2021-11-17 22:02:55 status installed perl:arm64 5.28.1-6+deb10u1
2021-11-17 22:02:55 configure libswitch-perl:all 2.17-2 <none>
2021-11-17 22:02:55 status unpacked libswitch-perl:all 2.17-2
2021-11-17 22:02:55 status half-configured libswitch-perl:all 2.17-2
2021-11-17 22:02:55 status installed libswitch-perl:all 2.17-2
2021-11-17 22:02:55 configure python3.7-minimal:arm64 3.7.3-2+deb10u3 <none>
2021-11-17 22:02:55 status unpacked python3.7-minimal:arm64 3.7.3-2+deb10u3
2021-11-17 22:02:55 status half-configured python3.7-minimal:arm64 3.7.3-2+deb10u3
2021-11-17 22:03:04 status installed python3.7-minimal:arm64 3.7.3-2+deb10u3
2021-11-17 22:03:04 configure libdpkg-perl:all 1.19.7 <none>
2021-11-17 22:03:04 status unpacked libdpkg-perl:all 1.19.7
2021-11-17 22:03:04 status half-configured libdpkg-perl:all 1.19.7
2021-11-17 22:03:04 status installed libdpkg-perl:all 1.19.7
2021-11-17 22:03:04 configure libisc-export1100:arm64 1:9.11.5.P4+dfsg-5.1+deb10u3 <none>
2021-11-17 22:03:04 status unpacked libisc-export1100:arm64 1:9.11.5.P4+dfsg-5.1+deb10u3
2021-11-17 22:03:04 status half-configured libisc-export1100:arm64 1:9.11.5.P4+dfsg-5.1+deb10u3
2021-11-17 22:03:04 status installed libisc-export1100:arm64 1:9.11.5.P4+dfsg-5.1+deb10u3
2021-11-17 22:03:04 configure lm-sensors:arm64 1:3.5.0-3 <none>
2021-11-17 22:03:04 status unpacked lm-sensors:arm64 1:3.5.0-3
2021-11-17 22:03:04 status half-configured lm-sensors:arm64 1:3.5.0-3
2021-11-17 22:03:07 status installed lm-sensors:arm64 1:3.5.0-3
2021-11-17 22:03:07 configure libisccc161:arm64 1:9.11.5.P4+dfsg-5.1+deb10u3 <none>
2021-11-17 22:03:07 status unpacked libisccc161:arm64 1:9.11.5.P4+dfsg-5.1+deb10u3
2021-11-17 22:03:07 status half-configured libisccc161:arm64 1:9.11.5.P4+dfsg-5.1+deb10u3
2021-11-17 22:03:07 status installed libisccc161:arm64 1:9.11.5.P4+dfsg-5.1+deb10u3
2021-11-17 22:03:07 configure python3-minimal:arm64 3.7.3-1 <none>
2021-11-17 22:03:07 status unpacked python3-minimal:arm64 3.7.3-1
2021-11-17 22:03:07 status half-configured python3-minimal:arm64 3.7.3-1
2021-11-17 22:03:16 status installed python3-minimal:arm64 3.7.3-1
2021-11-17 22:03:16 configure libkrb5-3:arm64 1.17-3+deb10u1 <none>
2021-11-17 22:03:16 status unpacked libkrb5-3:arm64 1.17-3+deb10u1
2021-11-17 22:03:16 status half-configured libkrb5-3:arm64 1.17-3+deb10u1
2021-11-17 22:03:16 status installed libkrb5-3:arm64 1.17-3+deb10u1
2021-11-17 22:03:16 configure libfontconfig1:arm64 2.13.1-2 <none>
2021-11-17 22:03:16 status unpacked libfontconfig1:arm64 2.13.1-2
2021-11-17 22:03:16 status half-configured libfontconfig1:arm64 2.13.1-2
2021-11-17 22:03:16 status installed libfontconfig1:arm64 2.13.1-2
2021-11-17 22:03:16 configure openssl:arm64 1.1.1d-0+deb10u5 <none>
2021-11-17 22:03:16 status unpacked openssl:arm64 1.1.1d-0+deb10u5
2021-11-17 22:03:16 status half-configured openssl:arm64 1.1.1d-0+deb10u5
2021-11-17 22:03:16 status installed openssl:arm64 1.1.1d-0+deb10u5
2021-11-17 22:03:16 configure libdns-export1104:arm64 1:9.11.5.P4+dfsg-5.1+deb10u3 <none>
2021-11-17 22:03:16 status unpacked libdns-export1104:arm64 1:9.11.5.P4+dfsg-5.1+deb10u3
2021-11-17 22:03:16 status half-configured libdns-export1104:arm64 1:9.11.5.P4+dfsg-5.1+deb10u3
2021-11-17 22:03:16 status installed libdns-export1104:arm64 1:9.11.5.P4+dfsg-5.1+deb10u3
2021-11-17 22:03:16 configure libkmod2:arm64 26-1 <none>
2021-11-17 22:03:16 status unpacked libkmod2:arm64 26-1
2021-11-17 22:03:16 status half-configured libkmod2:arm64 26-1
2021-11-17 22:03:16 status installed libkmod2:arm64 26-1
2021-11-17 22:03:16 configure fontconfig:arm64 2.13.1-2 <none>
2021-11-17 22:03:16 status unpacked fontconfig:arm64 2.13.1-2
2021-11-17 22:03:16 status half-configured fontconfig:arm64 2.13.1-2
2021-11-17 22:03:19 status installed fontconfig:arm64 2.13.1-2
2021-11-17 22:03:19 configure libpython3.7-stdlib:arm64 3.7.3-2+deb10u3 <none>
2021-11-17 22:03:19 status unpacked libpython3.7-stdlib:arm64 3.7.3-2+deb10u3
2021-11-17 22:03:19 status half-configured libpython3.7-stdlib:arm64 3.7.3-2+deb10u3
2021-11-17 22:03:19 status installed libpython3.7-stdlib:arm64 3.7.3-2+deb10u3
2021-11-17 22:03:19 configure libxft2:arm64 2.3.2-2 <none>
2021-11-17 22:03:19 status unpacked libxft2:arm64 2.3.2-2
2021-11-17 22:03:19 status half-configured libxft2:arm64 2.3.2-2
2021-11-17 22:03:19 status installed libxft2:arm64 2.3.2-2
2021-11-17 22:03:19 configure libpam-modules:arm64 1.3.1-5 <none>
2021-11-17 22:03:19 status unpacked libpam-modules:arm64 1.3.1-5
2021-11-17 22:03:19 status half-configured libpam-modules:arm64 1.3.1-5
2021-11-17 22:03:19 status installed libpam-modules:arm64 1.3.1-5
2021-11-17 22:03:19 configure python2.7:arm64 2.7.16-2+deb10u1 <none>
2021-11-17 22:03:19 status unpacked python2.7:arm64 2.7.16-2+deb10u1
2021-11-17 22:03:19 status half-configured python2.7:arm64 2.7.16-2+deb10u1
2021-11-17 22:03:30 status installed python2.7:arm64 2.7.16-2+deb10u1
2021-11-17 22:03:30 configure libpython3.7:arm64 3.7.3-2+deb10u3 <none>
2021-11-17 22:03:30 status unpacked libpython3.7:arm64 3.7.3-2+deb10u3
2021-11-17 22:03:30 status half-configured libpython3.7:arm64 3.7.3-2+deb10u3
2021-11-17 22:03:30 status installed libpython3.7:arm64 3.7.3-2+deb10u3
2021-11-17 22:03:30 configure libpython2-stdlib:arm64 2.7.16-1 <none>
2021-11-17 22:03:30 status unpacked libpython2-stdlib:arm64 2.7.16-1
2021-11-17 22:03:30 status half-configured libpython2-stdlib:arm64 2.7.16-1
2021-11-17 22:03:30 status installed libpython2-stdlib:arm64 2.7.16-1
2021-11-17 22:03:30 configure libpango-1.0-0:arm64 1.42.4-8~deb10u1 <none>
2021-11-17 22:03:30 status unpacked libpango-1.0-0:arm64 1.42.4-8~deb10u1
2021-11-17 22:03:30 status half-configured libpango-1.0-0:arm64 1.42.4-8~deb10u1
2021-11-17 22:03:30 status installed libpango-1.0-0:arm64 1.42.4-8~deb10u1
2021-11-17 22:03:30 configure isc-dhcp-client:arm64 4.4.1-2 <none>
2021-11-17 22:03:30 status unpacked isc-dhcp-client:arm64 4.4.1-2
2021-11-17 22:03:30 status half-configured isc-dhcp-client:arm64 4.4.1-2
2021-11-17 22:03:30 status installed isc-dhcp-client:arm64 4.4.1-2
2021-11-17 22:03:30 configure kmod:arm64 26-1 <none>
2021-11-17 22:03:30 status unpacked kmod:arm64 26-1
2021-11-17 22:03:30 status half-configured kmod:arm64 26-1
2021-11-17 22:03:31 status installed kmod:arm64 26-1
2021-11-17 22:03:31 configure python2:arm64 2.7.16-1 <none>
2021-11-17 22:03:31 status unpacked python2:arm64 2.7.16-1
2021-11-17 22:03:31 status half-configured python2:arm64 2.7.16-1
2021-11-17 22:03:31 status installed python2:arm64 2.7.16-1
2021-11-17 22:03:31 configure libcairo2:arm64 1.16.0-4+deb10u1 <none>
2021-11-17 22:03:31 status unpacked libcairo2:arm64 1.16.0-4+deb10u1
2021-11-17 22:03:31 status half-configured libcairo2:arm64 1.16.0-4+deb10u1
2021-11-17 22:03:31 status installed libcairo2:arm64 1.16.0-4+deb10u1
2021-11-17 22:03:31 configure dpkg-dev:all 1.19.7 <none>
2021-11-17 22:03:31 status unpacked dpkg-dev:all 1.19.7
2021-11-17 22:03:31 status half-configured dpkg-dev:all 1.19.7
2021-11-17 22:03:31 status installed dpkg-dev:all 1.19.7
2021-11-17 22:03:31 configure liberror-perl:all 0.17027-2 <none>
2021-11-17 22:03:31 status unpacked liberror-perl:all 0.17027-2
2021-11-17 22:03:31 status half-configured liberror-perl:all 0.17027-2
2021-11-17 22:03:31 status installed liberror-perl:all 0.17027-2
2021-11-17 22:03:31 configure ca-certificates:all 20200601~deb10u2 <none>
2021-11-17 22:03:31 status unpacked ca-certificates:all 20200601~deb10u2
2021-11-17 22:03:31 status half-configured ca-certificates:all 20200601~deb10u2
2021-11-17 22:04:18 status installed ca-certificates:all 20200601~deb10u2
2021-11-17 22:04:18 status triggers-pending ca-certificates:all 20200601~deb10u2
2021-11-17 22:04:18 configure alsa-utils:arm64 1.1.8-2 <none>
2021-11-17 22:04:18 status unpacked alsa-utils:arm64 1.1.8-2
2021-11-17 22:04:18 status half-configured alsa-utils:arm64 1.1.8-2
2021-11-17 22:04:19 status installed alsa-utils:arm64 1.1.8-2
2021-11-17 22:04:19 configure libpython-stdlib:arm64 2.7.16-1 <none>
2021-11-17 22:04:19 status unpacked libpython-stdlib:arm64 2.7.16-1
2021-11-17 22:04:19 status half-configured libpython-stdlib:arm64 2.7.16-1
2021-11-17 22:04:19 status installed libpython-stdlib:arm64 2.7.16-1
2021-11-17 22:04:19 configure libass9:arm64 1:0.14.0-2 <none>
2021-11-17 22:04:19 status unpacked libass9:arm64 1:0.14.0-2
2021-11-17 22:04:19 status half-configured libass9:arm64 1:0.14.0-2
2021-11-17 22:04:19 status installed libass9:arm64 1:0.14.0-2
2021-11-17 22:04:19 configure imx-gpu-viv-ko:arm64 6.4.2-2 <none>
2021-11-17 22:04:19 status unpacked imx-gpu-viv-ko:arm64 6.4.2-2
2021-11-17 22:04:19 status half-configured imx-gpu-viv-ko:arm64 6.4.2-2
2021-11-17 22:04:20 status installed imx-gpu-viv-ko:arm64 6.4.2-2
2021-11-17 22:04:20 configure libgssapi-krb5-2:arm64 1.17-3+deb10u1 <none>
2021-11-17 22:04:20 status unpacked libgssapi-krb5-2:arm64 1.17-3+deb10u1
2021-11-17 22:04:20 status half-configured libgssapi-krb5-2:arm64 1.17-3+deb10u1
2021-11-17 22:04:20 status installed libgssapi-krb5-2:arm64 1.17-3+deb10u1
2021-11-17 22:04:20 configure sudo:arm64 1.8.27-1+deb10u3 <none>
2021-11-17 22:04:20 status unpacked sudo:arm64 1.8.27-1+deb10u3
2021-11-17 22:04:20 status half-configured sudo:arm64 1.8.27-1+deb10u3
2021-11-17 22:04:21 status installed sudo:arm64 1.8.27-1+deb10u3
2021-11-17 22:04:21 configure pciutils:arm64 1:3.5.2-1 <none>
2021-11-17 22:04:21 status unpacked pciutils:arm64 1:3.5.2-1
2021-11-17 22:04:21 status half-configured pciutils:arm64 1:3.5.2-1
2021-11-17 22:04:21 status installed pciutils:arm64 1:3.5.2-1
2021-11-17 22:04:21 configure libcups2:arm64 2.2.10-6+deb10u4 <none>
2021-11-17 22:04:21 status unpacked libcups2:arm64 2.2.10-6+deb10u4
2021-11-17 22:04:21 status half-configured libcups2:arm64 2.2.10-6+deb10u4
2021-11-17 22:04:21 status installed libcups2:arm64 2.2.10-6+deb10u4
2021-11-17 22:04:21 configure passwd:arm64 1:4.5-1.1 <none>
2021-11-17 22:04:21 status unpacked passwd:arm64 1:4.5-1.1
2021-11-17 22:04:21 status half-configured passwd:arm64 1:4.5-1.1
2021-11-17 22:04:22 status installed passwd:arm64 1:4.5-1.1
2021-11-17 22:04:22 configure libtheora0:arm64 1.1.1+dfsg.1-15 <none>
2021-11-17 22:04:22 status unpacked libtheora0:arm64 1.1.1+dfsg.1-15
2021-11-17 22:04:22 status half-configured libtheora0:arm64 1.1.1+dfsg.1-15
2021-11-17 22:04:22 status installed libtheora0:arm64 1.1.1+dfsg.1-15
2021-11-17 22:04:22 configure build-essential:arm64 12.6 <none>
2021-11-17 22:04:22 status unpacked build-essential:arm64 12.6
2021-11-17 22:04:22 status half-configured build-essential:arm64 12.6
2021-11-17 22:04:22 status installed build-essential:arm64 12.6
2021-11-17 22:04:22 configure libcurl4:arm64 7.64.0-4+deb10u1 <none>
2021-11-17 22:04:22 status unpacked libcurl4:arm64 7.64.0-4+deb10u1
2021-11-17 22:04:22 status half-configured libcurl4:arm64 7.64.0-4+deb10u1
2021-11-17 22:04:22 status installed libcurl4:arm64 7.64.0-4+deb10u1
2021-11-17 22:04:22 configure python-pip-whl:all 18.1-5 <none>
2021-11-17 22:04:22 status unpacked python-pip-whl:all 18.1-5
2021-11-17 22:04:22 status half-configured python-pip-whl:all 18.1-5
2021-11-17 22:04:22 status installed python-pip-whl:all 18.1-5
2021-11-17 22:04:22 configure libcairo-gobject2:arm64 1.16.0-4+deb10u1 <none>
2021-11-17 22:04:22 status unpacked libcairo-gobject2:arm64 1.16.0-4+deb10u1
2021-11-17 22:04:22 status half-configured libcairo-gobject2:arm64 1.16.0-4+deb10u1
2021-11-17 22:04:22 status installed libcairo-gobject2:arm64 1.16.0-4+deb10u1
2021-11-17 22:04:22 configure curl:arm64 7.64.0-4+deb10u1 <none>
2021-11-17 22:04:22 status unpacked curl:arm64 7.64.0-4+deb10u1
2021-11-17 22:04:22 status half-configured curl:arm64 7.64.0-4+deb10u1
2021-11-17 22:04:22 status installed curl:arm64 7.64.0-4+deb10u1
2021-11-17 22:04:22 configure libpangoft2-1.0-0:arm64 1.42.4-8~deb10u1 <none>
2021-11-17 22:04:22 status unpacked libpangoft2-1.0-0:arm64 1.42.4-8~deb10u1
2021-11-17 22:04:22 status half-configured libpangoft2-1.0-0:arm64 1.42.4-8~deb10u1
2021-11-17 22:04:22 status installed libpangoft2-1.0-0:arm64 1.42.4-8~deb10u1
2021-11-17 22:04:22 configure python:arm64 2.7.16-1 <none>
2021-11-17 22:04:22 status unpacked python:arm64 2.7.16-1
2021-11-17 22:04:22 status half-configured python:arm64 2.7.16-1
2021-11-17 22:04:22 status installed python:arm64 2.7.16-1
2021-11-17 22:04:22 configure libpam-runtime:all 1.3.1-5 <none>
2021-11-17 22:04:22 status unpacked libpam-runtime:all 1.3.1-5
2021-11-17 22:04:22 status half-configured libpam-runtime:all 1.3.1-5
2021-11-17 22:04:24 status installed libpam-runtime:all 1.3.1-5
2021-11-17 22:04:24 configure libpangocairo-1.0-0:arm64 1.42.4-8~deb10u1 <none>
2021-11-17 22:04:24 status unpacked libpangocairo-1.0-0:arm64 1.42.4-8~deb10u1
2021-11-17 22:04:24 status half-configured libpangocairo-1.0-0:arm64 1.42.4-8~deb10u1
2021-11-17 22:04:24 status installed libpangocairo-1.0-0:arm64 1.42.4-8~deb10u1
2021-11-17 22:04:24 configure libpython3-stdlib:arm64 3.7.3-1 <none>
2021-11-17 22:04:24 status unpacked libpython3-stdlib:arm64 3.7.3-1
2021-11-17 22:04:24 status half-configured libpython3-stdlib:arm64 3.7.3-1
2021-11-17 22:04:24 status installed libpython3-stdlib:arm64 3.7.3-1
2021-11-17 22:04:24 configure login:arm64 1:4.5-1.1 <none>
2021-11-17 22:04:24 status unpacked login:arm64 1:4.5-1.1
2021-11-17 22:04:24 status half-configured login:arm64 1:4.5-1.1
2021-11-17 22:04:25 status installed login:arm64 1:4.5-1.1
2021-11-17 22:04:25 configure libdns1104:arm64 1:9.11.5.P4+dfsg-5.1+deb10u3 <none>
2021-11-17 22:04:25 status unpacked libdns1104:arm64 1:9.11.5.P4+dfsg-5.1+deb10u3
2021-11-17 22:04:25 status half-configured libdns1104:arm64 1:9.11.5.P4+dfsg-5.1+deb10u3
2021-11-17 22:04:25 status installed libdns1104:arm64 1:9.11.5.P4+dfsg-5.1+deb10u3
2021-11-17 22:04:25 configure python3.7:arm64 3.7.3-2+deb10u3 <none>
2021-11-17 22:04:25 status unpacked python3.7:arm64 3.7.3-2+deb10u3
2021-11-17 22:04:25 status half-configured python3.7:arm64 3.7.3-2+deb10u3
2021-11-17 22:04:37 status installed python3.7:arm64 3.7.3-2+deb10u3
2021-11-17 22:04:37 configure adduser:all 3.118 <none>
2021-11-17 22:04:37 status unpacked adduser:all 3.118
2021-11-17 22:04:37 status half-configured adduser:all 3.118
2021-11-17 22:04:39 status installed adduser:all 3.118
2021-11-17 22:04:39 configure gir1.2-freedesktop:arm64 1.58.3-2 <none>
2021-11-17 22:04:39 status unpacked gir1.2-freedesktop:arm64 1.58.3-2
2021-11-17 22:04:39 status half-configured gir1.2-freedesktop:arm64 1.58.3-2
2021-11-17 22:04:39 status installed gir1.2-freedesktop:arm64 1.58.3-2
2021-11-17 22:04:39 configure apt:arm64 1.8.2.2 <none>
2021-11-17 22:04:39 status unpacked apt:arm64 1.8.2.2
2021-11-17 22:04:39 status half-configured apt:arm64 1.8.2.2
2021-11-17 22:04:53 status installed apt:arm64 1.8.2.2
2021-11-17 22:04:53 configure linux-image-4.14.98-imx:arm64 12-4 <none>
2021-11-17 22:04:53 status unpacked linux-image-4.14.98-imx:arm64 12-4
2021-11-17 22:04:53 status half-configured linux-image-4.14.98-imx:arm64 12-4
2021-11-17 22:05:01 status installed linux-image-4.14.98-imx:arm64 12-4
2021-11-17 22:05:01 configure apt-utils:arm64 1.8.2.2 <none>
2021-11-17 22:05:01 status unpacked apt-utils:arm64 1.8.2.2
2021-11-17 22:05:01 status half-configured apt-utils:arm64 1.8.2.2
2021-11-17 22:05:01 status installed apt-utils:arm64 1.8.2.2
2021-11-17 22:05:01 configure libpangoxft-1.0-0:arm64 1.42.4-8~deb10u1 <none>
2021-11-17 22:05:01 status unpacked libpangoxft-1.0-0:arm64 1.42.4-8~deb10u1
2021-11-17 22:05:01 status half-configured libpangoxft-1.0-0:arm64 1.42.4-8~deb10u1
2021-11-17 22:05:01 status installed libpangoxft-1.0-0:arm64 1.42.4-8~deb10u1
2021-11-17 22:05:01 configure apt-transport-https:all 1.8.2.2 <none>
2021-11-17 22:05:01 status unpacked apt-transport-https:all 1.8.2.2
2021-11-17 22:05:01 status half-configured apt-transport-https:all 1.8.2.2
2021-11-17 22:05:01 status installed apt-transport-https:all 1.8.2.2
2021-11-17 22:05:01 configure openssh-client:arm64 1:7.9p1-10+deb10u2 <none>
2021-11-17 22:05:01 status unpacked openssh-client:arm64 1:7.9p1-10+deb10u2
2021-11-17 22:05:01 status half-configured openssh-client:arm64 1:7.9p1-10+deb10u2
2021-11-17 22:05:02 status installed openssh-client:arm64 1:7.9p1-10+deb10u2
2021-11-17 22:05:02 configure imx-board-wlan:all 4-2 <none>
2021-11-17 22:05:02 status unpacked imx-board-wlan:all 4-2
2021-11-17 22:05:03 status half-configured imx-board-wlan:all 4-2
2021-11-17 22:05:03 status installed imx-board-wlan:all 4-2
2021-11-17 22:05:03 configure cron:arm64 3.0pl1-134+deb10u1 <none>
2021-11-17 22:05:03 status unpacked cron:arm64 3.0pl1-134+deb10u1
2021-11-17 22:05:03 status half-configured cron:arm64 3.0pl1-134+deb10u1
2021-11-17 22:05:07 status installed cron:arm64 3.0pl1-134+deb10u1
2021-11-17 22:05:07 configure imx-gpu-viv:arm64 6.4.2-2 <none>
2021-11-17 22:05:07 status unpacked imx-gpu-viv:arm64 6.4.2-2
2021-11-17 22:05:07 status half-configured imx-gpu-viv:arm64 6.4.2-2
2021-11-17 22:05:08 status installed imx-gpu-viv:arm64 6.4.2-2
2021-11-17 22:05:08 configure libcurl3-gnutls:arm64 7.64.0-4+deb10u1 <none>
2021-11-17 22:05:08 status unpacked libcurl3-gnutls:arm64 7.64.0-4+deb10u1
2021-11-17 22:05:08 status half-configured libcurl3-gnutls:arm64 7.64.0-4+deb10u1
2021-11-17 22:05:08 status installed libcurl3-gnutls:arm64 7.64.0-4+deb10u1
2021-11-17 22:05:08 configure python3:arm64 3.7.3-1 <none>
2021-11-17 22:05:08 status unpacked python3:arm64 3.7.3-1
2021-11-17 22:05:08 status half-configured python3:arm64 3.7.3-1
2021-11-17 22:05:24 status installed python3:arm64 3.7.3-1
2021-11-17 22:05:24 configure dnsmasq-base:arm64 2.80-1+deb10u1 <none>
2021-11-17 22:05:24 status unpacked dnsmasq-base:arm64 2.80-1+deb10u1
2021-11-17 22:05:24 status half-configured dnsmasq-base:arm64 2.80-1+deb10u1
2021-11-17 22:05:26 status installed dnsmasq-base:arm64 2.80-1+deb10u1
2021-11-17 22:05:26 configure python3-opengl:all 3.1.0+dfsg-2 <none>
2021-11-17 22:05:26 status unpacked python3-opengl:all 3.1.0+dfsg-2
2021-11-17 22:05:26 status half-configured python3-opengl:all 3.1.0+dfsg-2
2021-11-17 22:05:49 status installed python3-opengl:all 3.1.0+dfsg-2
2021-11-17 22:05:49 configure python3-wheel:all 0.32.3-2 <none>
2021-11-17 22:05:49 status unpacked python3-wheel:all 0.32.3-2
2021-11-17 22:05:49 status half-configured python3-wheel:all 0.32.3-2
2021-11-17 22:05:56 status installed python3-wheel:all 0.32.3-2
2021-11-17 22:05:56 configure dnsmasq:all 2.80-1+deb10u1 <none>
2021-11-17 22:05:56 status unpacked dnsmasq:all 2.80-1+deb10u1
2021-11-17 22:05:56 status half-configured dnsmasq:all 2.80-1+deb10u1
2021-11-17 22:05:59 status installed dnsmasq:all 2.80-1+deb10u1
2021-11-17 22:05:59 configure python3-serial:all 3.4-4 <none>
2021-11-17 22:05:59 status unpacked python3-serial:all 3.4-4
2021-11-17 22:05:59 status half-configured python3-serial:all 3.4-4
2021-11-17 22:06:08 status installed python3-serial:all 3.4-4
2021-11-17 22:06:08 configure librsvg2-2:arm64 2.44.10-2.1 <none>
2021-11-17 22:06:08 status unpacked librsvg2-2:arm64 2.44.10-2.1
2021-11-17 22:06:08 status half-configured librsvg2-2:arm64 2.44.10-2.1
2021-11-17 22:06:09 status installed librsvg2-2:arm64 2.44.10-2.1
2021-11-17 22:06:09 configure python3-six:all 1.12.0-1 <none>
2021-11-17 22:06:09 status unpacked python3-six:all 1.12.0-1
2021-11-17 22:06:09 status half-configured python3-six:all 1.12.0-1
2021-11-17 22:06:17 status installed python3-six:all 1.12.0-1
2021-11-17 22:06:17 configure wpasupplicant:arm64 2:2.7+git20190128+0c1e29f-6+deb10u2 <none>
2021-11-17 22:06:17 status unpacked wpasupplicant:arm64 2:2.7+git20190128+0c1e29f-6+deb10u2
2021-11-17 22:06:17 status half-configured wpasupplicant:arm64 2:2.7+git20190128+0c1e29f-6+deb10u2
2021-11-17 22:06:21 status installed wpasupplicant:arm64 2:2.7+git20190128+0c1e29f-6+deb10u2
2021-11-17 22:06:21 configure dirmngr:arm64 2.2.12-1+deb10u1 <none>
2021-11-17 22:06:21 status unpacked dirmngr:arm64 2.2.12-1+deb10u1
2021-11-17 22:06:21 status half-configured dirmngr:arm64 2.2.12-1+deb10u1
2021-11-17 22:06:21 status installed dirmngr:arm64 2.2.12-1+deb10u1
2021-11-17 22:06:21 configure python3-pil:arm64 5.4.1-2+deb10u2 <none>
2021-11-17 22:06:21 status unpacked python3-pil:arm64 5.4.1-2+deb10u2
2021-11-17 22:06:21 status half-configured python3-pil:arm64 5.4.1-2+deb10u2
2021-11-17 22:06:31 status installed python3-pil:arm64 5.4.1-2+deb10u2
2021-11-17 22:06:31 configure gir1.2-pango-1.0:arm64 1.42.4-8~deb10u1 <none>
2021-11-17 22:06:31 status unpacked gir1.2-pango-1.0:arm64 1.42.4-8~deb10u1
2021-11-17 22:06:31 status half-configured gir1.2-pango-1.0:arm64 1.42.4-8~deb10u1
2021-11-17 22:06:31 status installed gir1.2-pango-1.0:arm64 1.42.4-8~deb10u1
2021-11-17 22:06:31 configure python3-pycurl:arm64 7.43.0.2-0.1 <none>
2021-11-17 22:06:31 status unpacked python3-pycurl:arm64 7.43.0.2-0.1
2021-11-17 22:06:31 status half-configured python3-pycurl:arm64 7.43.0.2-0.1
2021-11-17 22:06:39 status installed python3-pycurl:arm64 7.43.0.2-0.1
2021-11-17 22:06:39 configure gstreamer1.0-plugins-base:arm64 1.14.4+imx-6 <none>
2021-11-17 22:06:39 status unpacked gstreamer1.0-plugins-base:arm64 1.14.4+imx-6
2021-11-17 22:06:39 status half-configured gstreamer1.0-plugins-base:arm64 1.14.4+imx-6
2021-11-17 22:06:39 status installed gstreamer1.0-plugins-base:arm64 1.14.4+imx-6
2021-11-17 22:06:39 configure python3-certifi:all 2018.8.24-1 <none>
2021-11-17 22:06:39 status unpacked python3-certifi:all 2018.8.24-1
2021-11-17 22:06:39 status half-configured python3-certifi:all 2018.8.24-1
2021-11-17 22:06:47 status installed python3-certifi:all 2018.8.24-1
2021-11-17 22:06:47 configure ifupdown:arm64 0.8.35 <none>
2021-11-17 22:06:47 status unpacked ifupdown:arm64 0.8.35
2021-11-17 22:06:47 status half-configured ifupdown:arm64 0.8.35
2021-11-17 22:06:53 status installed ifupdown:arm64 0.8.35
2021-11-17 22:06:54 configure dbus:arm64 1.12.20-0+deb10u1 <none>
2021-11-17 22:06:54 status unpacked dbus:arm64 1.12.20-0+deb10u1
2021-11-17 22:06:54 status half-configured dbus:arm64 1.12.20-0+deb10u1
2021-11-17 22:06:56 status installed dbus:arm64 1.12.20-0+deb10u1
2021-11-17 22:06:56 configure python3-gi:arm64 3.30.4-1 <none>
2021-11-17 22:06:56 status unpacked python3-gi:arm64 3.30.4-1
2021-11-17 22:06:56 status half-configured python3-gi:arm64 3.30.4-1
2021-11-17 22:07:06 status installed python3-gi:arm64 3.30.4-1
2021-11-17 22:07:06 configure libshout3:arm64 2.4.1-2 <none>
2021-11-17 22:07:06 status unpacked libshout3:arm64 2.4.1-2
2021-11-17 22:07:06 status half-configured libshout3:arm64 2.4.1-2
2021-11-17 22:07:06 status installed libshout3:arm64 2.4.1-2
2021-11-17 22:07:06 configure python3-idna:all 2.6-1 <none>
2021-11-17 22:07:06 status unpacked python3-idna:all 2.6-1
2021-11-17 22:07:06 status half-configured python3-idna:all 2.6-1
2021-11-17 22:07:14 status installed python3-idna:all 2.6-1
2021-11-17 22:07:14 configure util-linux:arm64 2.33.1-0.1 <none>
2021-11-17 22:07:14 status unpacked util-linux:arm64 2.33.1-0.1
2021-11-17 22:07:14 status half-configured util-linux:arm64 2.33.1-0.1
2021-11-17 22:07:16 status installed util-linux:arm64 2.33.1-0.1
2021-11-17 22:07:16 configure git:arm64 1:2.20.1-2+deb10u3 <none>
2021-11-17 22:07:16 status unpacked git:arm64 1:2.20.1-2+deb10u3
2021-11-17 22:07:16 status half-configured git:arm64 1:2.20.1-2+deb10u3
2021-11-17 22:07:17 status installed git:arm64 1:2.20.1-2+deb10u3
2021-11-17 22:07:17 configure librsvg2-common:arm64 2.44.10-2.1 <none>
2021-11-17 22:07:17 status unpacked librsvg2-common:arm64 2.44.10-2.1
2021-11-17 22:07:17 status half-configured librsvg2-common:arm64 2.44.10-2.1
2021-11-17 22:07:17 status installed librsvg2-common:arm64 2.44.10-2.1
2021-11-17 22:07:17 status triggers-pending libgdk-pixbuf2.0-0:arm64 2.38.1+dfsg-1
2021-11-17 22:07:17 configure python3-urllib3:all 1.24.1-1 <none>
2021-11-17 22:07:17 status unpacked python3-urllib3:all 1.24.1-1
2021-11-17 22:07:17 status half-configured python3-urllib3:all 1.24.1-1
2021-11-17 22:07:27 status installed python3-urllib3:all 1.24.1-1
2021-11-17 22:07:27 configure python3-netifaces:arm64 0.10.4-1+b1 <none>
2021-11-17 22:07:27 status unpacked python3-netifaces:arm64 0.10.4-1+b1
2021-11-17 22:07:27 status half-configured python3-netifaces:arm64 0.10.4-1+b1
2021-11-17 22:07:27 status installed python3-netifaces:arm64 0.10.4-1+b1
2021-11-17 22:07:27 configure mount:arm64 2.33.1-0.1 <none>
2021-11-17 22:07:27 status unpacked mount:arm64 2.33.1-0.1
2021-11-17 22:07:27 status half-configured mount:arm64 2.33.1-0.1
2021-11-17 22:07:27 status installed mount:arm64 2.33.1-0.1
2021-11-17 22:07:27 configure sysvinit-utils:arm64 2.93-8 <none>
2021-11-17 22:07:27 status unpacked sysvinit-utils:arm64 2.93-8
2021-11-17 22:07:27 status half-configured sysvinit-utils:arm64 2.93-8
2021-11-17 22:07:27 status installed sysvinit-utils:arm64 2.93-8
2021-11-17 22:07:27 configure python3-httplib2:all 0.11.3-2 <none>
2021-11-17 22:07:27 status unpacked python3-httplib2:all 0.11.3-2
2021-11-17 22:07:28 status half-configured python3-httplib2:all 0.11.3-2
2021-11-17 22:07:36 status installed python3-httplib2:all 0.11.3-2
2021-11-17 22:07:36 configure libavcodec58:arm64 7:4.1.6-1~deb10u1 <none>
2021-11-17 22:07:36 status unpacked libavcodec58:arm64 7:4.1.6-1~deb10u1
2021-11-17 22:07:36 status half-configured libavcodec58:arm64 7:4.1.6-1~deb10u1
2021-11-17 22:07:36 status installed libavcodec58:arm64 7:4.1.6-1~deb10u1
2021-11-17 22:07:36 configure libisccfg163:arm64 1:9.11.5.P4+dfsg-5.1+deb10u3 <none>
2021-11-17 22:07:36 status unpacked libisccfg163:arm64 1:9.11.5.P4+dfsg-5.1+deb10u3
2021-11-17 22:07:36 status half-configured libisccfg163:arm64 1:9.11.5.P4+dfsg-5.1+deb10u3
2021-11-17 22:07:36 status installed libisccfg163:arm64 1:9.11.5.P4+dfsg-5.1+deb10u3
2021-11-17 22:07:36 configure lsb-release:all 10.2019051400 <none>
2021-11-17 22:07:36 status unpacked lsb-release:all 10.2019051400
2021-11-17 22:07:36 status half-configured lsb-release:all 10.2019051400
2021-11-17 22:07:36 status installed lsb-release:all 10.2019051400
2021-11-17 22:07:36 configure python3-lib2to3:all 3.7.3-1 <none>
2021-11-17 22:07:36 status unpacked python3-lib2to3:all 3.7.3-1
2021-11-17 22:07:36 status half-configured python3-lib2to3:all 3.7.3-1
2021-11-17 22:07:38 status installed python3-lib2to3:all 3.7.3-1
2021-11-17 22:07:38 configure python3-distro-info:all 0.21 <none>
2021-11-17 22:07:38 status unpacked python3-distro-info:all 0.21
2021-11-17 22:07:38 status half-configured python3-distro-info:all 0.21
2021-11-17 22:07:46 status installed python3-distro-info:all 0.21
2021-11-17 22:07:46 configure weston-imx:arm64 5.0.0-4 <none>
2021-11-17 22:07:46 status unpacked weston-imx:arm64 5.0.0-4
2021-11-17 22:07:46 status half-configured weston-imx:arm64 5.0.0-4
2021-11-17 22:07:49 status installed weston-imx:arm64 5.0.0-4
2021-11-17 22:07:49 configure python3-gst-1.0:arm64 1.14.4-1+b1 <none>
2021-11-17 22:07:49 status unpacked python3-gst-1.0:arm64 1.14.4-1+b1
2021-11-17 22:07:49 status half-configured python3-gst-1.0:arm64 1.14.4-1+b1
2021-11-17 22:07:56 status installed python3-gst-1.0:arm64 1.14.4-1+b1
2021-11-17 22:07:56 configure gstreamer1.0-python3-plugin-loader:arm64 1.14.4-1+b1 <none>
2021-11-17 22:07:56 status unpacked gstreamer1.0-python3-plugin-loader:arm64 1.14.4-1+b1
2021-11-17 22:07:56 status half-configured gstreamer1.0-python3-plugin-loader:arm64 1.14.4-1+b1
2021-11-17 22:07:56 status installed gstreamer1.0-python3-plugin-loader:arm64 1.14.4-1+b1
2021-11-17 22:07:56 configure python3-pkg-resources:all 40.8.0-1 <none>
2021-11-17 22:07:56 status unpacked python3-pkg-resources:all 40.8.0-1
2021-11-17 22:07:57 status half-configured python3-pkg-resources:all 40.8.0-1
2021-11-17 22:08:05 status installed python3-pkg-resources:all 40.8.0-1
2021-11-17 22:08:05 configure libchromaprint1:arm64 1.4.3-3 <none>
2021-11-17 22:08:05 status unpacked libchromaprint1:arm64 1.4.3-3
2021-11-17 22:08:05 status half-configured libchromaprint1:arm64 1.4.3-3
2021-11-17 22:08:05 status installed libchromaprint1:arm64 1.4.3-3
2021-11-17 22:08:05 configure python3-distutils:all 3.7.3-1 <none>
2021-11-17 22:08:05 status unpacked python3-distutils:all 3.7.3-1
2021-11-17 22:08:05 status half-configured python3-distutils:all 3.7.3-1
2021-11-17 22:08:07 status installed python3-distutils:all 3.7.3-1
2021-11-17 22:08:07 configure logrotate:arm64 3.14.0-4 <none>
2021-11-17 22:08:07 status unpacked logrotate:arm64 3.14.0-4
2021-11-17 22:08:07 status half-configured logrotate:arm64 3.14.0-4
2021-11-17 22:08:09 status installed logrotate:arm64 3.14.0-4
2021-11-17 22:08:09 configure vitalsd:all 2-1 <none>
2021-11-17 22:08:09 status unpacked vitalsd:all 2-1
2021-11-17 22:08:09 status half-configured vitalsd:all 2-1
2021-11-17 22:08:20 status installed vitalsd:all 2-1
2021-11-17 22:08:20 configure openssh-sftp-server:arm64 1:7.9p1-10+deb10u2 <none>
2021-11-17 22:08:20 status unpacked openssh-sftp-server:arm64 1:7.9p1-10+deb10u2
2021-11-17 22:08:20 status half-configured openssh-sftp-server:arm64 1:7.9p1-10+deb10u2
2021-11-17 22:08:20 status installed openssh-sftp-server:arm64 1:7.9p1-10+deb10u2
2021-11-17 22:08:20 configure python3-dbus:arm64 1.2.8-3 <none>
2021-11-17 22:08:20 status unpacked python3-dbus:arm64 1.2.8-3
2021-11-17 22:08:20 status half-configured python3-dbus:arm64 1.2.8-3
2021-11-17 22:08:28 status installed python3-dbus:arm64 1.2.8-3
2021-11-17 22:08:28 configure libasound2-plugins:arm64 1.1.8-1 <none>
2021-11-17 22:08:28 status unpacked libasound2-plugins:arm64 1.1.8-1
2021-11-17 22:08:28 status half-configured libasound2-plugins:arm64 1.1.8-1
2021-11-17 22:08:28 status installed libasound2-plugins:arm64 1.1.8-1
2021-11-17 22:08:28 configure imx-gst1.0-plugin:arm64 4.4.5-5 <none>
2021-11-17 22:08:28 status unpacked imx-gst1.0-plugin:arm64 4.4.5-5
2021-11-17 22:08:28 status half-configured imx-gst1.0-plugin:arm64 4.4.5-5
2021-11-17 22:08:28 status installed imx-gst1.0-plugin:arm64 4.4.5-5
2021-11-17 22:08:28 configure python3-cairo:arm64 1.16.2-1+b1 <none>
2021-11-17 22:08:28 status unpacked python3-cairo:arm64 1.16.2-1+b1
2021-11-17 22:08:28 status half-configured python3-cairo:arm64 1.16.2-1+b1
2021-11-17 22:08:37 status installed python3-cairo:arm64 1.16.2-1+b1
2021-11-17 22:08:37 configure python3-setuptools:all 40.8.0-1 <none>
2021-11-17 22:08:37 status unpacked python3-setuptools:all 40.8.0-1
2021-11-17 22:08:37 status half-configured python3-setuptools:all 40.8.0-1
2021-11-17 22:08:46 status installed python3-setuptools:all 40.8.0-1
2021-11-17 22:08:46 configure gpg-wks-client:arm64 2.2.12-1+deb10u1 <none>
2021-11-17 22:08:46 status unpacked gpg-wks-client:arm64 2.2.12-1+deb10u1
2021-11-17 22:08:46 status half-configured gpg-wks-client:arm64 2.2.12-1+deb10u1
2021-11-17 22:08:46 status installed gpg-wks-client:arm64 2.2.12-1+deb10u1
2021-11-17 22:08:46 configure openssh-server:arm64 1:7.9p1-10+deb10u2 <none>
2021-11-17 22:08:46 status unpacked openssh-server:arm64 1:7.9p1-10+deb10u2
2021-11-17 22:08:46 status half-configured openssh-server:arm64 1:7.9p1-10+deb10u2
2021-11-17 22:08:57 status installed openssh-server:arm64 1:7.9p1-10+deb10u2
2021-11-17 22:08:57 configure python3-jwt:all 1.7.0-2 <none>
2021-11-17 22:08:57 status unpacked python3-jwt:all 1.7.0-2
2021-11-17 22:08:57 status half-configured python3-jwt:all 1.7.0-2
2021-11-17 22:09:04 status installed python3-jwt:all 1.7.0-2
2021-11-17 22:09:04 configure python3-apt:arm64 1.8.4.3 <none>
2021-11-17 22:09:04 status unpacked python3-apt:arm64 1.8.4.3
2021-11-17 22:09:04 status half-configured python3-apt:arm64 1.8.4.3
2021-11-17 22:09:13 status installed python3-apt:arm64 1.8.4.3
2021-11-17 22:09:13 configure python3-debconf:all 1.5.71 <none>
2021-11-17 22:09:13 status unpacked python3-debconf:all 1.5.71
2021-11-17 22:09:13 status half-configured python3-debconf:all 1.5.71
2021-11-17 22:09:20 status installed python3-debconf:all 1.5.71
2021-11-17 22:09:20 configure libbind9-161:arm64 1:9.11.5.P4+dfsg-5.1+deb10u3 <none>
2021-11-17 22:09:20 status unpacked libbind9-161:arm64 1:9.11.5.P4+dfsg-5.1+deb10u3
2021-11-17 22:09:20 status half-configured libbind9-161:arm64 1:9.11.5.P4+dfsg-5.1+deb10u3
2021-11-17 22:09:20 status installed libbind9-161:arm64 1:9.11.5.P4+dfsg-5.1+deb10u3
2021-11-17 22:09:20 configure pulseaudio:arm64 12.2-4+deb10u1 <none>
2021-11-17 22:09:20 status unpacked pulseaudio:arm64 12.2-4+deb10u1
2021-11-17 22:09:20 status half-configured pulseaudio:arm64 12.2-4+deb10u1
2021-11-17 22:09:25 status installed pulseaudio:arm64 12.2-4+deb10u1
2021-11-17 22:09:25 configure unattended-upgrades:all 1.11.2 <none>
2021-11-17 22:09:25 status unpacked unattended-upgrades:all 1.11.2
2021-11-17 22:09:25 status half-configured unattended-upgrades:all 1.11.2
2021-11-17 22:09:38 status installed unattended-upgrades:all 1.11.2
2021-11-17 22:09:38 configure python3-chardet:all 3.0.4-3 <none>
2021-11-17 22:09:38 status unpacked python3-chardet:all 3.0.4-3
2021-11-17 22:09:38 status half-configured python3-chardet:all 3.0.4-3
2021-11-17 22:09:47 status installed python3-chardet:all 3.0.4-3
2021-11-17 22:09:47 configure python3-software-properties:all 0.96.20.2-2 <none>
2021-11-17 22:09:47 status unpacked python3-software-properties:all 0.96.20.2-2
2021-11-17 22:09:47 status half-configured python3-software-properties:all 0.96.20.2-2
2021-11-17 22:09:53 status installed python3-software-properties:all 0.96.20.2-2
2021-11-17 22:09:53 configure adwaita-icon-theme:all 3.30.1-1 <none>
2021-11-17 22:09:53 status unpacked adwaita-icon-theme:all 3.30.1-1
2021-11-17 22:09:53 status half-configured adwaita-icon-theme:all 3.30.1-1
2021-11-17 22:09:56 status installed adwaita-icon-theme:all 3.30.1-1
2021-11-17 22:09:57 configure gstreamer1.0-plugins-bad:arm64 1.14.4+imx-7 <none>
2021-11-17 22:09:57 status unpacked gstreamer1.0-plugins-bad:arm64 1.14.4+imx-7
2021-11-17 22:09:58 status half-configured gstreamer1.0-plugins-bad:arm64 1.14.4+imx-7
2021-11-17 22:09:59 status installed gstreamer1.0-plugins-bad:arm64 1.14.4+imx-7
2021-11-17 22:09:59 configure python3-debian:all 0.1.35 <none>
2021-11-17 22:09:59 status unpacked python3-debian:all 0.1.35
2021-11-17 22:09:59 status half-configured python3-debian:all 0.1.35
2021-11-17 22:10:09 status installed python3-debian:all 0.1.35
2021-11-17 22:10:09 configure python3-requests:all 2.21.0-1 <none>
2021-11-17 22:10:09 status unpacked python3-requests:all 2.21.0-1
2021-11-17 22:10:09 status half-configured python3-requests:all 2.21.0-1
2021-11-17 22:10:18 status installed python3-requests:all 2.21.0-1
2021-11-17 22:10:18 configure udev:arm64 241-7~deb10u7 <none>
2021-11-17 22:10:18 status unpacked udev:arm64 241-7~deb10u7
2021-11-17 22:10:18 status half-configured udev:arm64 241-7~deb10u7
2021-11-17 22:10:28 status installed udev:arm64 241-7~deb10u7
2021-11-17 22:10:28 configure python3-pip:all 18.1-5 <none>
2021-11-17 22:10:28 status unpacked python3-pip:all 18.1-5
2021-11-17 22:10:28 status half-configured python3-pip:all 18.1-5
2021-11-17 22:10:40 status installed python3-pip:all 18.1-5
2021-11-17 22:10:40 configure python3-numpy:arm64 1:1.16.2-1 <none>
2021-11-17 22:10:40 status unpacked python3-numpy:arm64 1:1.16.2-1
2021-11-17 22:10:40 status half-configured python3-numpy:arm64 1:1.16.2-1
2021-11-17 22:11:13 status installed python3-numpy:arm64 1:1.16.2-1
2021-11-17 22:11:13 configure python3-pysimplesoap:all 1.16.2-1 <none>
2021-11-17 22:11:13 status unpacked python3-pysimplesoap:all 1.16.2-1
2021-11-17 22:11:13 status half-configured python3-pysimplesoap:all 1.16.2-1
2021-11-17 22:11:25 status installed python3-pysimplesoap:all 1.16.2-1
2021-11-17 22:11:25 configure gnupg:all 2.2.12-1+deb10u1 <none>
2021-11-17 22:11:25 status unpacked gnupg:all 2.2.12-1+deb10u1
2021-11-17 22:11:25 status half-configured gnupg:all 2.2.12-1+deb10u1
2021-11-17 22:11:25 status installed gnupg:all 2.2.12-1+deb10u1
2021-11-17 22:11:25 configure apt-listchanges:all 3.19 <none>
2021-11-17 22:11:25 status unpacked apt-listchanges:all 3.19
2021-11-17 22:11:25 status half-configured apt-listchanges:all 3.19
2021-11-17 22:11:42 status installed apt-listchanges:all 3.19
2021-11-17 22:11:42 configure python3-protobuf:arm64 3.6.1.3-2 <none>
2021-11-17 22:11:42 status unpacked python3-protobuf:arm64 3.6.1.3-2
2021-11-17 22:11:42 status half-configured python3-protobuf:arm64 3.6.1.3-2
2021-11-17 22:11:56 status installed python3-protobuf:arm64 3.6.1.3-2
2021-11-17 22:11:56 configure bind9-host:arm64 1:9.11.5.P4+dfsg-5.1+deb10u3 <none>
2021-11-17 22:11:56 status unpacked bind9-host:arm64 1:9.11.5.P4+dfsg-5.1+deb10u3
2021-11-17 22:11:56 status half-configured bind9-host:arm64 1:9.11.5.P4+dfsg-5.1+deb10u3
2021-11-17 22:11:56 status installed bind9-host:arm64 1:9.11.5.P4+dfsg-5.1+deb10u3
2021-11-17 22:11:56 configure python3-gi-cairo:arm64 3.30.4-1 <none>
2021-11-17 22:11:56 status unpacked python3-gi-cairo:arm64 3.30.4-1
2021-11-17 22:11:56 status half-configured python3-gi-cairo:arm64 3.30.4-1
2021-11-17 22:11:56 status installed python3-gi-cairo:arm64 3.30.4-1
2021-11-17 22:11:56 configure imx-board-audio:all 5-2 <none>
2021-11-17 22:11:56 status unpacked imx-board-audio:all 5-2
2021-11-17 22:11:56 status half-configured imx-board-audio:all 5-2
2021-11-17 22:11:56 status installed imx-board-audio:all 5-2
2021-11-17 22:11:56 configure python3-tflite-runtime:arm64 2.5.0.post1 <none>
2021-11-17 22:11:56 status unpacked python3-tflite-runtime:arm64 2.5.0.post1
2021-11-17 22:11:56 status half-configured python3-tflite-runtime:arm64 2.5.0.post1
2021-11-17 22:12:06 status installed python3-tflite-runtime:arm64 2.5.0.post1
2021-11-17 22:12:06 configure python3-pycoral:arm64 2.0.0 <none>
2021-11-17 22:12:06 status unpacked python3-pycoral:arm64 2.0.0
2021-11-17 22:12:06 status half-configured python3-pycoral:arm64 2.0.0
2021-11-17 22:12:15 status installed python3-pycoral:arm64 2.0.0
2021-11-17 22:12:15 configure python3-debianbts:all 2.8.2 <none>
2021-11-17 22:12:15 status unpacked python3-debianbts:all 2.8.2
2021-11-17 22:12:16 status half-configured python3-debianbts:all 2.8.2
2021-11-17 22:12:23 status installed python3-debianbts:all 2.8.2
2021-11-17 22:12:23 configure software-properties-common:all 0.96.20.2-2 <none>
2021-11-17 22:12:23 status unpacked software-properties-common:all 0.96.20.2-2
2021-11-17 22:12:23 status half-configured software-properties-common:all 0.96.20.2-2
2021-11-17 22:12:28 status installed software-properties-common:all 0.96.20.2-2
2021-11-17 22:12:28 configure bluez:arm64 5.50+imx-mendel3 <none>
2021-11-17 22:12:28 status unpacked bluez:arm64 5.50+imx-mendel3
2021-11-17 22:12:28 status half-configured bluez:arm64 5.50+imx-mendel3
2021-11-17 22:12:32 status installed bluez:arm64 5.50+imx-mendel3
2021-11-17 22:12:32 configure i2c-tools:arm64 4.1-1 <none>
2021-11-17 22:12:32 status unpacked i2c-tools:arm64 4.1-1
2021-11-17 22:12:32 status half-configured i2c-tools:arm64 4.1-1
2021-11-17 22:12:33 status installed i2c-tools:arm64 4.1-1
2021-11-17 22:12:33 configure avahi-daemon:arm64 0.7-4+deb10u1 <none>
2021-11-17 22:12:33 status unpacked avahi-daemon:arm64 0.7-4+deb10u1
2021-11-17 22:12:33 status half-configured avahi-daemon:arm64 0.7-4+deb10u1
2021-11-17 22:12:38 status installed avahi-daemon:arm64 0.7-4+deb10u1
2021-11-17 22:12:38 configure python3-reportbug:all 7.5.3~deb10u1 <none>
2021-11-17 22:12:38 status unpacked python3-reportbug:all 7.5.3~deb10u1
2021-11-17 22:12:38 status half-configured python3-reportbug:all 7.5.3~deb10u1
2021-11-17 22:12:43 status installed python3-reportbug:all 7.5.3~deb10u1
2021-11-17 22:12:43 configure libnss-mdns:arm64 0.14.1-1 <none>
2021-11-17 22:12:43 status unpacked libnss-mdns:arm64 0.14.1-1
2021-11-17 22:12:43 status half-configured libnss-mdns:arm64 0.14.1-1
2021-11-17 22:12:44 status installed libnss-mdns:arm64 0.14.1-1
2021-11-17 22:12:44 configure bluetooth:all 5.50+imx-mendel3 <none>
2021-11-17 22:12:44 status unpacked bluetooth:all 5.50+imx-mendel3
2021-11-17 22:12:44 status half-configured bluetooth:all 5.50+imx-mendel3
2021-11-17 22:12:44 status installed bluetooth:all 5.50+imx-mendel3
2021-11-17 22:12:44 configure reportbug:all 7.5.3~deb10u1 <none>
2021-11-17 22:12:44 status unpacked reportbug:all 7.5.3~deb10u1
2021-11-17 22:12:44 status half-configured reportbug:all 7.5.3~deb10u1
2021-11-17 22:12:44 status installed reportbug:all 7.5.3~deb10u1
2021-11-17 22:12:44 configure libdevmapper1.02.1:arm64 2:1.02.155-3 <none>
2021-11-17 22:12:44 status unpacked libdevmapper1.02.1:arm64 2:1.02.155-3
2021-11-17 22:12:44 status half-configured libdevmapper1.02.1:arm64 2:1.02.155-3
2021-11-17 22:12:44 status installed libdevmapper1.02.1:arm64 2:1.02.155-3
2021-11-17 22:12:44 configure libparted2:arm64 3.2-25 <none>
2021-11-17 22:12:44 status unpacked libparted2:arm64 3.2-25
2021-11-17 22:12:44 status half-configured libparted2:arm64 3.2-25
2021-11-17 22:12:44 status installed libparted2:arm64 3.2-25
2021-11-17 22:12:44 configure tasksel-data:all 3.53 <none>
2021-11-17 22:12:44 status unpacked tasksel-data:all 3.53
2021-11-17 22:12:44 status half-configured tasksel-data:all 3.53
2021-11-17 22:12:44 status installed tasksel-data:all 3.53
2021-11-17 22:12:44 configure dmsetup:arm64 2:1.02.155-3 <none>
2021-11-17 22:12:44 status unpacked dmsetup:arm64 2:1.02.155-3
2021-11-17 22:12:44 status half-configured dmsetup:arm64 2:1.02.155-3
2021-11-17 22:12:44 status installed dmsetup:arm64 2:1.02.155-3
2021-11-17 22:12:44 configure libcryptsetup12:arm64 2:2.1.0-5+deb10u2 <none>
2021-11-17 22:12:44 status unpacked libcryptsetup12:arm64 2:2.1.0-5+deb10u2
2021-11-17 22:12:44 status half-configured libcryptsetup12:arm64 2:2.1.0-5+deb10u2
2021-11-17 22:12:44 status installed libcryptsetup12:arm64 2:2.1.0-5+deb10u2
2021-11-17 22:12:44 configure tasksel:all 3.53 <none>
2021-11-17 22:12:44 status unpacked tasksel:all 3.53
2021-11-17 22:12:44 status half-configured tasksel:all 3.53
2021-11-17 22:12:45 status installed tasksel:all 3.53
2021-11-17 22:12:45 configure parted:arm64 3.2-25 <none>
2021-11-17 22:12:45 status unpacked parted:arm64 3.2-25
2021-11-17 22:12:45 status half-configured parted:arm64 3.2-25
2021-11-17 22:12:45 status installed parted:arm64 3.2-25
2021-11-17 22:12:45 configure systemd:arm64 241-7~deb10u7 <none>
2021-11-17 22:12:45 status unpacked systemd:arm64 241-7~deb10u7
2021-11-17 22:12:45 status half-configured systemd:arm64 241-7~deb10u7
2021-11-17 22:12:50 status installed systemd:arm64 241-7~deb10u7
2021-11-17 22:12:50 configure systemd-sysv:arm64 241-7~deb10u7 <none>
2021-11-17 22:12:50 status unpacked systemd-sysv:arm64 241-7~deb10u7
2021-11-17 22:12:50 status half-configured systemd-sysv:arm64 241-7~deb10u7
2021-11-17 22:12:50 status installed systemd-sysv:arm64 241-7~deb10u7
2021-11-17 22:12:50 configure init:arm64 1.56+nmu1 <none>
2021-11-17 22:12:50 status unpacked init:arm64 1.56+nmu1
2021-11-17 22:12:50 status half-configured init:arm64 1.56+nmu1
2021-11-17 22:12:50 status installed init:arm64 1.56+nmu1
2021-11-17 22:12:50 configure libpam-systemd:arm64 241-7~deb10u7 <none>
2021-11-17 22:12:50 status unpacked libpam-systemd:arm64 241-7~deb10u7
2021-11-17 22:12:50 status half-configured libpam-systemd:arm64 241-7~deb10u7
2021-11-17 22:12:52 status installed libpam-systemd:arm64 241-7~deb10u7
2021-11-17 22:12:52 configure policykit-1:arm64 0.105-25 <none>
2021-11-17 22:12:52 status unpacked policykit-1:arm64 0.105-25
2021-11-17 22:12:52 status half-configured policykit-1:arm64 0.105-25
2021-11-17 22:12:53 status installed policykit-1:arm64 0.105-25
2021-11-17 22:12:53 configure network-manager:arm64 1.14.6-2+deb10u1 <none>
2021-11-17 22:12:53 status unpacked network-manager:arm64 1.14.6-2+deb10u1
2021-11-17 22:12:53 status half-configured network-manager:arm64 1.14.6-2+deb10u1
2021-11-17 22:13:00 status installed network-manager:arm64 1.14.6-2+deb10u1
2021-11-17 22:13:00 configure dbus-user-session:arm64 1.12.20-0+deb10u1 <none>
2021-11-17 22:13:00 status unpacked dbus-user-session:arm64 1.12.20-0+deb10u1
2021-11-17 22:13:00 status half-configured dbus-user-session:arm64 1.12.20-0+deb10u1
2021-11-17 22:13:00 status installed dbus-user-session:arm64 1.12.20-0+deb10u1
2021-11-17 22:13:00 configure mendel-minimal:all 8-5 <none>
2021-11-17 22:13:00 status unpacked mendel-minimal:all 8-5
2021-11-17 22:13:00 status half-configured mendel-minimal:all 8-5
2021-11-17 22:13:00 status installed mendel-minimal:all 8-5
2021-11-17 22:13:00 configure usb-gadget:all 3-2 <none>
2021-11-17 22:13:00 status unpacked usb-gadget:all 3-2
2021-11-17 22:13:00 status half-configured usb-gadget:all 3-2
2021-11-17 22:13:08 status installed usb-gadget:all 3-2
2021-11-17 22:13:08 configure dconf-service:arm64 0.30.1-2 <none>
2021-11-17 22:13:08 status unpacked dconf-service:arm64 0.30.1-2
2021-11-17 22:13:08 status half-configured dconf-service:arm64 0.30.1-2
2021-11-17 22:13:08 status installed dconf-service:arm64 0.30.1-2
2021-11-17 22:13:08 configure mdt-services:all 3 <none>
2021-11-17 22:13:08 status unpacked mdt-services:all 3
2021-11-17 22:13:08 status half-configured mdt-services:all 3
2021-11-17 22:13:13 status installed mdt-services:all 3
2021-11-17 22:13:13 configure dconf-gsettings-backend:arm64 0.30.1-2 <none>
2021-11-17 22:13:13 status unpacked dconf-gsettings-backend:arm64 0.30.1-2
2021-11-17 22:13:13 status half-configured dconf-gsettings-backend:arm64 0.30.1-2
2021-11-17 22:13:13 status installed dconf-gsettings-backend:arm64 0.30.1-2
2021-11-17 22:13:13 configure mendel-core:arm64 2-1 <none>
2021-11-17 22:13:13 status unpacked mendel-core:arm64 2-1
2021-11-17 22:13:13 status half-configured mendel-core:arm64 2-1
2021-11-17 22:13:13 status installed mendel-core:arm64 2-1
2021-11-17 22:13:13 configure libgtk-3-common:all 3.24.5-1 <none>
2021-11-17 22:13:13 status unpacked libgtk-3-common:all 3.24.5-1
2021-11-17 22:13:13 status half-configured libgtk-3-common:all 3.24.5-1
2021-11-17 22:13:13 status installed libgtk-3-common:all 3.24.5-1
2021-11-17 22:13:13 configure gsettings-desktop-schemas:all 3.28.1-1 <none>
2021-11-17 22:13:13 status unpacked gsettings-desktop-schemas:all 3.28.1-1
2021-11-17 22:13:13 status half-configured gsettings-desktop-schemas:all 3.28.1-1
2021-11-17 22:13:13 status installed gsettings-desktop-schemas:all 3.28.1-1
2021-11-17 22:13:13 configure glib-networking:arm64 2.58.0-2+deb10u2 <none>
2021-11-17 22:13:13 status unpacked glib-networking:arm64 2.58.0-2+deb10u2
2021-11-17 22:13:13 status half-configured glib-networking:arm64 2.58.0-2+deb10u2
2021-11-17 22:13:13 status installed glib-networking:arm64 2.58.0-2+deb10u2
2021-11-17 22:13:13 configure libsoup2.4-1:arm64 2.64.2-2 <none>
2021-11-17 22:13:13 status unpacked libsoup2.4-1:arm64 2.64.2-2
2021-11-17 22:13:13 status half-configured libsoup2.4-1:arm64 2.64.2-2
2021-11-17 22:13:13 status installed libsoup2.4-1:arm64 2.64.2-2
2021-11-17 22:13:13 configure gstreamer1.0-plugins-good:arm64 1.14.4+imx-5 <none>
2021-11-17 22:13:13 status unpacked gstreamer1.0-plugins-good:arm64 1.14.4+imx-5
2021-11-17 22:13:13 status half-configured gstreamer1.0-plugins-good:arm64 1.14.4+imx-5
2021-11-17 22:13:13 status installed gstreamer1.0-plugins-good:arm64 1.14.4+imx-5
2021-11-17 22:13:13 configure libsoup-gnome2.4-1:arm64 2.64.2-2 <none>
2021-11-17 22:13:13 status unpacked libsoup-gnome2.4-1:arm64 2.64.2-2
2021-11-17 22:13:13 status half-configured libsoup-gnome2.4-1:arm64 2.64.2-2
2021-11-17 22:13:13 status installed libsoup-gnome2.4-1:arm64 2.64.2-2
2021-11-17 22:13:13 configure librest-0.7-0:arm64 0.8.1-1 <none>
2021-11-17 22:13:13 status unpacked librest-0.7-0:arm64 0.8.1-1
2021-11-17 22:13:13 status half-configured librest-0.7-0:arm64 0.8.1-1
2021-11-17 22:13:13 status installed librest-0.7-0:arm64 0.8.1-1
2021-11-17 22:13:13 configure imx-board-tools:all 6-3 <none>
2021-11-17 22:13:13 status unpacked imx-board-tools:all 6-3
2021-11-17 22:13:13 status half-configured imx-board-tools:all 6-3
2021-11-17 22:13:13 status installed imx-board-tools:all 6-3
2021-11-17 22:13:13 configure libgtk-3-0:arm64 3.24.5-1 <none>
2021-11-17 22:13:13 status unpacked libgtk-3-0:arm64 3.24.5-1
2021-11-17 22:13:13 status half-configured libgtk-3-0:arm64 3.24.5-1
2021-11-17 22:13:14 status installed libgtk-3-0:arm64 3.24.5-1
2021-11-17 22:13:14 configure gir1.2-gtk-3.0:arm64 3.24.5-1 <none>
2021-11-17 22:13:14 status unpacked gir1.2-gtk-3.0:arm64 3.24.5-1
2021-11-17 22:13:14 status half-configured gir1.2-gtk-3.0:arm64 3.24.5-1
2021-11-17 22:13:14 status installed gir1.2-gtk-3.0:arm64 3.24.5-1
2021-11-17 22:13:14 configure python3-edgetpuvision:arm64 8-1 <none>
2021-11-17 22:13:14 status unpacked python3-edgetpuvision:arm64 8-1
2021-11-17 22:13:15 status half-configured python3-edgetpuvision:arm64 8-1
2021-11-17 22:13:23 status installed python3-edgetpuvision:arm64 8-1
2021-11-17 22:13:23 configure edgetpudemo:all 4-1 <none>
2021-11-17 22:13:23 status unpacked edgetpudemo:all 4-1
2021-11-17 22:13:23 status half-configured edgetpudemo:all 4-1
2021-11-17 22:13:23 status installed edgetpudemo:all 4-1
2021-11-17 22:13:23 configure enterprise-core:arm64 2-2 <none>
2021-11-17 22:13:23 status unpacked enterprise-core:arm64 2-2
2021-11-17 22:13:23 status half-configured enterprise-core:arm64 2-2
2021-11-17 22:13:23 status installed enterprise-core:arm64 2-2
2021-11-17 22:13:23 trigproc libc-bin:arm64 2.28-10 <none>
2021-11-17 22:13:23 status half-configured libc-bin:arm64 2.28-10
2021-11-17 22:13:24 status installed libc-bin:arm64 2.28-10
2021-11-17 22:13:24 trigproc ca-certificates:all 20200601~deb10u2 <none>
2021-11-17 22:13:24 status half-configured ca-certificates:all 20200601~deb10u2
2021-11-17 22:13:48 status installed ca-certificates:all 20200601~deb10u2
2021-11-17 22:13:48 trigproc libgdk-pixbuf2.0-0:arm64 2.38.1+dfsg-1 <none>
2021-11-17 22:13:48 status half-configured libgdk-pixbuf2.0-0:arm64 2.38.1+dfsg-1
2021-11-17 22:13:49 status installed libgdk-pixbuf2.0-0:arm64 2.38.1+dfsg-1
